Site,Year,Unit,Context,Horizon,Parts,MaxTh,MinTh,RimAngle,RimType,Diameter,Temper,Burnish,Slip,Motif1,Loc1,Motif2,Loc2,Motif3,Loc3,Motif4,Loc4,Motif5,Loc5,Type
MDB,2019,C,5,,LUM,10,12,1,SNS33,24,33,LU+INT,LU+INT,CR4,CH,U,,,,,,,,
MDB,2019,C,5,,LUM,9,19,6,SNC1,34,32,LUM+INT,LUM+IINT,CR4,UM,,,,,,,,,
MDB,2019,C,5,,LU,18,20,1,SNS9,32,32,LU+INT,LU+INT,CR4,U,,,,,,,,,
MDB,2019,C,5,,B,7,12,6,SNB6,8,33,LU+INT,LU,,,,,,,,,,,
MDB,2019,C,5,,LU,16,9,1,SNY5,26,32,LU+INT,LU,CR4,U,,,,,,,,,
MDB,2019,C,5,,LU,8,11,1,SNY5,,32,LU+INT,LU+INT,CR4,U,,,,,,,,,
MDB,2019,C,5,,LC,9,16,5,SNE20,16,32,LU+INT,LU+INT,,,,,,,,,,,
MDB,2019,C,5,,LC,8,12,4,SNE6,10,32,LU+INT,LU+INT,MCH,C,,,,,,,,,
MDB,2019,C,5,,LU,7,12,1,SNY5,14,32,LU+INT,LU+INT,CR4,U,,,,,,,,,
MDB,2019,C,5,,LU,10,16,6,SNC13,28,33,LU+INT,LU+INT,CR4,U,,,,,,,,,
MDB,2019,C,5,,LU,7,8,2,SNS11,22,32,LU+INT,LU+INT,,,,,,,,,,,
MDB,2019,C,5,,B,6,11,6,SNB5,8,32,LU+INT,,,,,,,,,,,,
MDB,2019,C,5,,LU,7,12,6,SNC4,22,32,LU-INT,LU-INT,CR4,U,,,,,,,,,
MDB,2019,C,5,,LU,11,10,4,SNS51,20,32,LU+INT,LU+INT,,,,,,,,,,,
MDB,2019,C,5,,LU,10,9,1,SNS22,14,32,LU+INT,LU,MCH,U,,,,,,,,,
MDB,2019,C,5,,LC,8,12,5,SNE20,12,32,LU+INT,LU+INT,,,,,,,,,,,
MDB,2019,C,5,,LU,9,12,1,SNS11,16,33,LU+INT,LU+INT,EROD,U,CH,U,,,,,,,
MDB,2019,C,5,,LU,7,11,1,SNY5,18,32,LU+INT,LU,CR4,U,,,,,,,,,
MDB,2019,C,5,,LU,9,13,6,SNC2,28,32,LU+INT,LU+INT,ROUGH,U,,,,,,,,,
MDB,2019,C,5,,LUM,7,16,1,SNY5,18,33,LUM-INT,LU,VPR,UM,,,,,,,,,
MDB,2019,C,5,,LUM,7,16,6,SNC1,36,32,LUM+INT,LUM+IINT,,,,,,,,,,,
MDB,2019,C,5,,LUM,11,8,3,SNS22,28,32,LUM+INT,LUM,MCH,LU+INT,,,,,,,,,
MDB,2019,C,5,,LU,10,12,1,SNY5,,32,LU+INT,LU,CR4,U,,,,,,,,,
MDB,2019,C,5,,B,10,20,6,SNB4,10,32,LU+INT,LU+INT,,,,,,,,,,,
MDB,2019,C,5,,LU,10,12,2,SNS46,22,32,LU+INT,LU+INT,CR4,U,,,,,,,,,
MDB,2019,C,5,,LU,8,10,6,SNC1,10,32,LU+INT,,ROUGH,U,,,,,,,,,
MDB,2019,C,5,,LU,18,12,1,SNY8,32,33,LU+INT,LU,CR4,U,,,,,,,,,
MDB,2019,C,5,,LU,8,13,4,SNS9,,33,LU+INT,,,,,,,,,,,,
MDB,2019,C,5,,LU,8,12,1,SNY5,18,32,LU+INT,LU,CR4,U,,,,,,,,,
MDB,2019,C,5,,LU,8,14,1,SNY4,,32,LU+INT,LU,CR4,U,,,,,,,,,
MDB,2019,C,5,,LU,7,10,6,SNC9,6,32,LU+INT,,,,,,,,,,,,
MDB,2019,C,5,,LU,13,14,2,SNS9,,32,LU+INT,LU-INT,CR4,U,,,,,,,,,
MDB,2019,C,5,,LU,5,10,1,SNT6,,32,LU+INT,LU,CR4,U,,,,,,,,,
MDB,2019,C,5,,LU,20,15,1,SNS42,,32,LU+INT,LU,CR4,U,,,,,,,,,
MDB,2019,C,5,,LU,10,13,1,SNS37,16,32,LU+INT,LU+INT,,,,,,,,,,,
MDB,2019,C,5,,LU,10,9,6,SNC8,20,32,LU+INT,LU+INT,EROD,U,,,,,,,,,
MDB,2019,C,5,,LU,11,12,3,SNS51,26,32,LU+INT,,MCH,U+INT,,,,,,,,,
MDB,2019,C,5,,LC,9,12,5,SNE20,18,32,LU+INT,LU+INT,,,,,,,,,,,
MDB,2019,C,5,,LU,8,13,1,SNY3,,32,LU+INT,LU,EROD,U,,,,,,,,,
MDB,2019,C,5,,LU,9,11,4,SNC1,20,32,LU+INT,,VPR,U,,,,,,,,,
MDB,2019,C,5,,LU,12,15,2,SNS37,24,32,LU-INT,LU+INT,CR4,U,,,,,,,,,
MDB,2019,C,5,,LU,11,9,3,SNE9,18,32,LU+INT,LU+INT,CR4,U,,,,,,,,,
MDB,2019,C,5,,LU,8,14,6,SNC2,22,32,LU+INT,LU+INT,,,,,,,,,,,
MDB,2019,C,5,,B,10,19,5,SNB2,16,32,LU+INT,,,,,,,,,,,,
MDB,2019,C,5,,LC,9,14,4,SNE26,12,32,LC+INT,LC,,,,,,,,,,,
MDB,2019,C,5,,LU,10,9,6,SNC4,26,33,LU+INT,,CH,L,,,,,,,,,
MDB,2019,C,5,,LU,12,14,4,SNS41,,32,LU+INT,LU,CR4,U,CH,U,,,,,,,
MDB,2019,C,5,,LC,8,14,5,SNE9,16,32,LU+INT,LU+INT,,,,,,,,,,,
MDB,2019,C,5,,LU,20,16,1,SNY6,16,32,LU+INT,LU,,,,,,,,,,,
MDB,2019,C,5,,LU,15,9,1,SNY3,,32,LU-INT,LU,VPR,U,,,,,,,,,
MDB,2019,C,5,,LU,7,15,6,SNC1,34,33,LU+INT,LU+INT,,,,,,,,,,,
MDB,2019,C,5,,LC,7,13,4,SNE20,18,32,LU+INT,LU+INT,CH,U,,,,,,,,,
MDB,2019,C,5,,LU,15,17,2,SNS41,24,32,LU+INT,LU+INT,CH,U-INT,,,,,,,,,
MDB,2019,C,5,,LU,6,9,4,SNS5,18,32,LU+INT,,CH,U-INT,,,,,,,,,
MDB,2019,C,5,,LC,7,12,4,SNE28,12,32,LC+INT,LC+INT,CH,U,,,,,,,,,
MDB,2019,C,5,,LC,8,13,5,SNE9,28,32,LU+INT,LU+INT,,,,,,,,,,,
MDB,2019,C,5,,LU,6,8,2,SNS20,,32,LU+INT,LU+INT,CH,U,,,,,,,,,
MDB,2019,C,5,,LU,8,15,6,SNC1,20,32,LU+INT,LU+INT,EROD,U,,,,,,,,,
MDB,2019,C,5,,LU,9,10,4,SNS5,16,33,LU+INT,LU-INT,,,,,,,,,,,
MDB,2019,C,5,,LU,11,14,1,SNS48,,33,LU+INT,LU,,,,,,,,,,,
MDB,2019,C,5,,LU,8,13,6,SNC2,,32,LU+INT,,ROUGH,U,,,,,,,,,
MDB,2019,C,5,,LU,9,12,6,SNC2,32,32,LU+INT,,,,,,,,,,,,
MDB,2019,C,5,,LC,9,12,4,SNE2,16,32,LC+INT,LC+INT,CH,C,,,,,,,,,
MDB,2019,C,5,,LUM,9,14,6,SNC4,24,32,LU+INT,,,,,,,,,,,,
MDB,2019,C,5,,LU,10,12,6,SNC2,18,32,LU+INT,LU+INT,,,,,,,,,,,
MDB,2019,C,2,,LU,15,10,6,SNC13,32,33,LU+INT,LU+INT,CR6,U,CH,U-INT,,,,,,,
MDB,2019,C,2,,LUM,12,5,4,SNS53,20,32,LU+INT,LU+INT,CR4,U,CH,U,,,,,,,
MDB,2019,C,2,,LUM,11,7,2,SNY7,14,33,LU+INT,LU+INT,CR4,U,,,,,,,,,
MDB,2019,C,2,,LU,11,8,6,SNC10,20,32,,LU+INT,ROUGH,U,CH,U-INT,,,,,,,
MDB,2019,C,2,,LU,12,8,2,SNS6,14,33,,LU+INT,MCH,U,,,,,,,,,
MDB,2019,C,2,,LUM,13,8,5,SNE12,26,32,LU+INT,LU+INT,CR4,U,,,,,,,,,
MDB,2019,C,2,,LUM,12,8,4,SNE12,26,31,,,ROUGH,U,,,,,,,,,
MDB,2019,C,2,,B,31,11,6,SNB2,20,32,LU ,LU+INT,,,,,,,,,,,
MDB,2019,C,2,,LUM,12,9,5,SNE6,22,33,LU+INT,LU+INT,,,,,,,,,,,
MDB,2019,C,2,,LU,9,8,2,SNS5,14,32,LU,LU+INT,,,,,,,,,,,
MDB,2019,C,2,,LU,15,11,2,SNS52,20,32,,LU+INT,,,,,,,,,,,
MDB,2019,C,2,,LUM,20,18,4,SNS33,32,32,LU+INT,LU+INT,CR4,U,,,,,,,,,
MDB,2019,C,2,,LC,11,13,2,SNE20,34,32,LU+INT,LU+INT,CH,U-INT,,,,,,,,,
MDB,2019,C,2,,B,15,10,6,SNB4,28,33,LU+INT,LU+INT,,,,,,,,,,,
MDB,2019,C,2,,LUM,17,11,2,SNS5,18,32,,LU+INT,CR4,U,,,,,,,,,
MDB,2019,C,2,,LUM,13,9,1,SNS11,,32,LU,LU+INT,CR2,U,,,,,,,,,
MDB,2019,C,2,,LCU,10,8,5,SNE30,,32,LU+INT,LU+INT,,,,,,,,,,,
MDB,2019,C,2,,LU,10,8,4,SNS11,22,32,,LU+INT,ROUGH,U,,,,,,,,,
MDB,2019,C,2,,LU,10,7,4,SNE26,14,32,LU+INT,LU+INT,,,,,,,,,,,
MDB,2019,C,2,,B,12,9,6,SNB2,16,32,LU+INT,LU+INT,,,,,,,,,,,
MDB,2019,C,2,,LUM,10,11,2,SNY6,14,32,LU+INT,LU+INT,CR4,U,,,,,,,,,
MDB,2019,C,2,,B,11,8,6,SNB9,16,32,LU+INT,LU+INT,CH,U-INT,,,,,,,,,
MDB,2019,C,2,,LCM,14,10,4,SNE6,18,33,LU+INT,LU+INT,,,,,,,,,,,
MDB,2019,C,2,,LU,12,9,6,SNC1,16,32,LU+INT,LU+INT,U-INT,,,,,,,,,,
MDB,2019,C,2,,LU,13,8,5,SNE5,18,32,,LU+INT,,,,,,,,,,,
MDB,2019,C,2,,LU,18,13,,,,32,,LU+INT,,,,,,,,,,,
MDB,2019,C,2,,LU,17,8,5,SNT10,28,32,LU,LU+INT,MCH,,,,,,,,,,
MDB,2019,C,1,,LNUM,8,10,5,S1,,32,,,PLAIN,LNUM,,,,,,,,,
MDB,2019,C,1,,LNUM,11,9,3,SNS7,24,33,L,L,CR4,U,,,,,,,,,
MDB,2019,C,1,,LNUMB,10,10,5,S1,9,32,,,PLAIN,LNUMB,,,,,,,,,MDB14
MDB,2019,C,1,,LNU,6,13,6,SNC6,,32,,,PLAIN,L,ROUGH,U,,,,,,,MRKE
MDB,2019,C,1,,LNU,18,6,2,SNY5,10,32,L,LN+INT,RSO,L,CH,L,CR4,U,,,,,MDB12
MDB,2019,C,1,,LNU,19,9,2,SNY5,13,32,L,LN,RSO,L,CR4,U,,,,,,,MDB12
MDB,2019,C,1,,LNU,17,8,2,SNY5,8,32,,LN,CR4,U,,,,,,,,,MDB12
MDB,2019,C,1,,LNU,25,31,,S1,,33,,,CR4G,NU,,,,,,,,,MDB13
MDB,2019,C,1,,LNU,12,14,6,SNC4,24,32,,,PLAIN,LN,CH,L INT,ROUGH,U,,,,,MRK E
MDB,2019,C,1,,LCN,13,12,1,E57,19,32,LC INT,LCN+INT,RSO,LC INT,,,,,,,,,
MDB,2019,C,1,,LC,12,,,SNE4,,32,LC,LC,RSO,LC,MCH,L,,,,,,,
MDB,2019,C,1,,LN,20,7,2,SNT2,12,32,,N,MCH,L,CR,N,,,,,,,
MDB,2019,C,1,,LNU,20,19,2,SNY,10,32,L,L,CR4,NU,,,,,,,,,
MDB,2019,C,1,,LCNU,16,13,3,SNE1,,32,LN,LCN+INT,CH,C,CR4,U,,,,,,,
MDB,2019,C,1,,LNU,22,11,2,SNY1,,32,L,L,RSO,L,CR4,NU,,,,,,,MDB12
MDB,2019,C,1,,LNU,15,13,3,SNS7,32,32,L+INT,L+INT,RSO,L+INT,CR8?,,,,,,,,
MDB,2019,C,1,,LN,10,14,1,SNS35,22,32,,LN,,,,,,,,,,,
MDB,2019,C,1,,LNU,15,15,5,S1,,32,L,L,RSO,L,CR4,U,,,,,,,
MDB,2019,C,1,,L,19,,,S1,30,32,,L,,,,,,,,,,,
MDB,2019,C,1,,LNU,9,7,6,SNC6,16,32,,,PLAIN,LNU,,,,,,,,,
MDB,2019,C,1,,LC,9,8,,E57,5,32,LC,LC,RSO,LC,,,,,,,,,
MDB,2019,C,2,,LNU,12,10,2,SNY5,14,32,L,LN,RSO,L,P-R-L,N,CR4,U,,,,,MDB12
MDB,2019,C,2,,LNU,19,8,2,SNY5,14,33,L,LN,RSO,L,CR4,U,,,,,,,MDB12
MDB,2019,C,2,,LNU,,8,,CARINATED?,,32,,KN,CH,U,CR6,U,,,,,,,
MDB,2019,C,2,,LNU,16,11,1,SNS23B,,32,LN,LN,RSO,LN,CR4,U,,,,,,,
MDB,2019,C,2,,LNU,11,11,6,SNC9,22,32,,,PLAIN,LNU,,,,,,,,,
MDB,2019,C,2,,LNUM,8,8,4,S1,8,32,,,PLAIN,LNUM,,,,,,,,,MDB14
MDB,2019,C,2,,LNU,11,8,6,SNC4,34,32,,,PLAIN,LN,ROUGH,U,,,,,,,MRKE
MDB,2019,C,2,,B,,8,,SNB1,10,32,,,PLAIN,B,,,,,,,,,
MDB,2019,C,2,,B,,12,,SNB1,6,32,,,PLAIN,B,,,,,,,,,
MDB,2019,C,2,,LNU,18,14,3,SNS7,28,32,L,L,RSO,L,CR6,U,BLACK,U,,,,,
MDB,2019,C,2,,LNUM,20,12,4,SNS7,42,32,L,L,RSO,L,P-R-L,INT,CR6,NUM,,,,,
MDB,2019,C,2,,LN,13,,6,SNC1,28,32,,,CR6,N,,,,,,,,,
MDB,2019,C,2,,LN,13,12,6,SNC2,,32,,,PLAIN,LN,,,,,,,,,MRKE
MDB,2019,C,2,,LNU,18,10,2,SNY6,14,32,L EROD,,CR4,NU,,,,,,,,,
MDB,2019,C,2,,LNU,44,44,2,S1,26,32,,,CR4,NU,,,,,,,,,MDB13
MDB,2019,C,2,,LNUM,12,10,4,S1,11,32,,,PLAIN,,,,,,,,,,MDB14
MDB,2019,C,2,,LN,13,,1,S1,24,32,LN,LN,RSO,LN,CH,L,,,,,,,
MDB,2019,C,2,,LN,12,11,1,S1,32,32,LN,LN,RSO,LN,CH,L,,,,,,,
MDB,2019,C,2,,LN,13,,2,S1,,32,LN,LN,RSO,LN,MCH,LN,,,,,,,
MDB,2019,C,2,,LNU,13,12,3,S1,26,32,LN,,MCH,L,CH,N,CR,U,,,,,
MDB,2019,C,5,,LNU,14,12,2,N8,,32,LN,LN,RSO,LN,CH,LN,P-W-L,LN,CR4,U,,,
MDB,2019,C,5,,LNU,15,14,3,S1,24,32,N,N,RSO,N,CH,N,CR4,U,,,,,
MDB,2019,C,5,,LNU,15,9,1,SNS35,19,32,,LN,CH,N,CR4,U,,,,,,,
MDB,2019,C,5,,LNU,15,14,2,S1,20,32,L,L,RSO,L,CR4,U,,,,,,,
MDB,2019,C,5,,LNU,25,20,1,S1,34,32,L,,CR4,U,,,,,,,,,
MDB,2019,C,5,,LNU,19,9,1,SNY5,20,32,L,LN,RSO,L,VPR,U,,,,,,,
MDB,2019,C,5,,LNU,20,12,1,SNY5,19,32,L,LN,RSO,L,CR4,U,,,,,,,
MDB,2019,C,5,,LNU,20,10,1,SNY5,,33,L,LN,RSO,L,CR4,U,,,,,,,
MDB,2019,C,5,,LNU,19,8,2,SNY5,19,32,L,LN,RSO,L,CR4,U,,,,,,,
MDB,2019,C,5,,LNU,23,9,1,SNY2,15,32,LN,LN,RSO,LN,CR4,U,,,,,,,
MDB,2019,C,5,,LNU,19,9,2,SNY5,14,32,L,L,RSO,L,CH,L,CR4,U,,,,,
MDB,2019,C,5,,LN,20,16,1,SNY1,19,32,LN,LN,RSO,LN,CR4,N,,,,,,,
MDB,2019,C,5,,LNU,22,14,1,SNY4,18,32,LN,LN,RSO,LN,CH,L,CR4,U,,,,,
MDB,2019,C,5,,LNU,22,12,2,SNY6,16,32,LN,LN,RSO,LN,CR4,U,,,,,,,
MDB,2019,C,5,,LNU,19,11,2,SNY4,16,32,L,LN,RSO,L,CR4,U,,,,,,,
MDB,2019,C,5,,LNU,19,13,2,SNY1,16,32,,L,CR4,U,,,,,,,,,
MDB,2019,C,5,,LNU,20,15,2,SNY5,15,32,LN,LN,RSO,LN,CR,U,,,,,,,
MDB,2019,C,5,,LNU,15,9,2,SNY3,21,32,,N,CR4,U,,,,,,,,,
MDB,2019,C,5,,LNU,16,10,2,SNY1,20,32,L,L,RSO,L,BLACK,U,VPR,U,,,,,
MDB,2019,C,5,,LNU,30,,2,S1,28,31,,,CR4G,U,,,,,,,,,MDB13
MDB,2019,C,5,,LN,24,12,2,SNT4,16,32,LN,LN,RSO,LN,CH,L,,,,,,,
MDB,2019,C,5,,LNU,12,10,2,SNE12,17,32,LN,LN,RSO,LN,CR6,U,,,,,,,
MDB,2019,C,5,,LNUM,11,10,3,S1,15,32,L,N,CR4,NUM,,,,,,,,,
MDB,2019,C,5,,LNU,20,13,4,SNS7,38,32,L,L,RSO,L,PFR,NU,,,,,,,
MDB,2019,C,5,,LNUMB,9,18,5,S1,20,32,L+INT,L+INT,,,,,,,,,,,
MDB,2019,C,5,,LN,15,11,4,SNE7,16,32,INT,INT,RSO,INT,MCH,L,,,,,,,
MDB,2019,C,5,,LNU,10,17,6,SNC4,36,32,,INT,P-R-GEO,LNU,CR4,NU,,,,,,,
MDB,2019,C,5,,LNU,11,10,6,SNC3,24,32,,,P-R-L,L,ROUGH,NU,,,,,,,
MDB,2019,C,5,,LNU,13,10,3,SNS7,22,32,L,L,RSO,L,PLAIN,NU,,,,,,,
MDB,2019,C,5,,LNU,15,14,4,SNS7,26,32,L+INT,L+INT,RSO,L+INT,RSO,NU,,,,,,,
MDB,2019,C,5,,LNU,13,17,4,S1,30,32,L+INT,L+INT,CH,L,CR4,NU,,,,,,,
MDB,2019,C,5,,LNU,11,13,4,SNS9,24,32,INT,INT,RSO,INT,CR4,NU,,,,,,,
MDB,2019,C,11,,LNU,15,9,3,SNS15,22,32,L,LN+INT,RSO,L,CR4,NU,P-R-L,U,,,,,
MDB,2019,C,11,,LN,13,12,2,SNS17,26,32,LN,LN,RSO,LNU,,,,,,,,,
MDB,2019,C,11,,LN,32,,5,S1,,32,,,CR4,N,,,,,,,,,MDBX
MDB,2019,C,11,,LN,13,11,2,SNY5,18,32,L,L,RSO,L,CR4,N,,,,,,,
MDB,2019,C,11,,LN,18,,6,SNC2,,32,INT,L+INT,RSO,INT,CR4,N,,,,,,,
MDB,2019,C,11,,LNU,24,,5,S1,21,32,,LNU,CR6,NU,SI,NU,,,,,,,
MDB,2019,C,11,,LN,22,15,2,SNS8,,32,L,LN,PLAIN,N,,,,,,,,,
MDB,2019,C,11,,LNU,19,15,3,SNS37,26,32,L,,CR8,NU,,,,,,,,,
MDB,2019,C,11,,LC,14,12,,SNE10,9,32,LC+INT,LC+INT,RSO,LC+INT,CH,C,P-W-L,C,,,,,MDB1
MDB,2019,C,11,,LNU,16,8,2,SNY5,18,32,LN,LN,RSO,LN,CH,L,CR4,NU,,,,,MDB12
MDB,2019,C,11,,LNU,15,7,2,SNY2,20,32,LN,LN,RSO,LN,CH,L,CR4,U,P-R,U,BLACK,U,MDB12
MDB,2019,C,11,,LNU,19,10,2,SNY4,,32,LN,LN,RSO,LN,CH,L,CR4,U,,,,,MDB12
MDB,2019,C,11,,LNU,19,4,2,SNY5,10,32,,LN,CR4,U,CH,L,,,,,,,MDB12
MDB,2019,C,11,,LNU,17,9,2,SNY6,13,32,L,L,VPR,U,BLACK,U,P-YW,U,,,,,
MDB,2019,C,11,,NU,21,11,2,SNY2,,32,N,N,RSO,N,VPR,U,,,,,,,MRKA
MDB,2019,C,11,,LNU,18,7,2,SNY1,,32,L,LN,RSO,L,CR4,U,,,,,,,MDB12
MDB,2019,C,11,,LNU,17,12,2,SNY6,12,32,LN+INT,LN+INT,RSO,L,CR6,U,CH,U,,,,,
MDB,2019,C,11,,LNU,13,8,2,SNY6,12,32,L,L,RSO,L,CR4,U,,,,,,,MDB2
MDB,2019,C,11,,LNU,15,11,2,SNY6,,32,LN,LNU,RSO,LN,CR4,U,,,,,,,
MDB,2019,C,11,,LNU,20,15,2,SNY2,,32,L,LN,RSO,L,EROD,U,,,,,,,
MDB,2019,C,11,,NU,16,11,,SNY,,32,N,NU,RSO,N,CR4,U,BLACK,U,,,,,MRKA
MDB,2019,C,11,,LC,12,10,,SNE,<10,32,LC+INT,LC+INT,RSO,LC+INT,,,,,,,,,
MDB,2019,C,11,,LC,16,,,SNE,<10,32,LC+INT,LC+INT,RSO,LC+INT,,,,,,,,,
MDB,2019,C,11,,LCN,10,10,1,SNE14,9,32,LCN,LCN,RSO,LCN,CH,L,CH,N,,,,,
MDB,2019,C,11,,LC,12,11,,SNE,6,32,LC+INT,LC+INT,RSO,LC+INT,CH,L INT,CH,C,,,,,MDB1
MDB,2019,C,11,,LNU,16,9,2,N8,19,32,LN,LNU,RSO,LN,CH,L,CH,N,CR4,U,,,MRKB
MDB,2019,C,11,,LNU,11,10,2,S1,,31,L,,MCH,LN,CR4,U,,,,,,,
MDB,2019,C,11,,LNU,12,13,3,S1,18,31,L+INT,LN+INT,CH,N,CR,U,,,,,,,
MDB,2019,C,11,,LNU,12,10,3,S1,14,32,LN+INT,LN,RSO,LN,CR4,U,,,,,,,
MDB,2019,C,11,,LN,14,13,4,SNS13,>42,32,,,CH,L,CH,N,PLAIN,N,,,,,
MDB,2019,C,11,,LNU,14,10,2,SNS36,,32,LN,LN,RSO,LN,CH,N,CR4,U,,,,,
MDB,2019,C,11,,LNU,12,10,3,SNS29,18,32,,,CR4,NU,,,,,,,,,
MDB,2019,C,11,,LCNU,11,11,2,SNS15,15,31,LC,LC,RSO,LC+INT,CH,C,CR4,NU,SI-GEO,U,,,
MDB,2019,C,11,,LNU,21,13,3,SNS29,30,32,L,L,RSO,L,CR,N,CH,N,CR4,U,,,
MDB,2019,C,11,,LNU,24,17,4,SNS12,37,32,,,NOTCHES,L,,,,,,,,,
MDB,2019,C,11,,LNU,21,8,2,SNT2,20,32,L,L,MCH,LN,CR6,U,,,,,,,
MDB,2019,C,11,,LNU,14,11,3,SNS20,24,32,,,PLAIN,LNU,,,,,,,,,
MDB,2019,C,11,,LNU,16,12,3,SNS7,,32,INT,,PLAIN,LN,CI1,U,,,,,,,
MDB,2019,C,11,,LNU,12,10,6,SNC7,30,32,,,MCH,L INT,ROUGH,U,,,,,,,
MDB,2019,C,11,,LNU,11,11,6,SNC4,29,32,,,PLAIN,LN,ROUGH,U,SI-T,U,,,,,MRKE
MDB,2019,C,11,,LNU,11,9,4,S1,16,32,,,EROD,LNU,,,,,,,,,
MDB,2019,C,11,,LNU,14,,6,SNC2,16,32,,,PLAIN,LNU,,,,,,,,,
MDB,2019,C,11,,LNU,15,,6,L2,,32,L+INT,L+INT,ROUGH,N,CR,U,,,,,,,
MDB,2019,C,11,,LNU,14,13,6,E90,32,32,,,CH,N,PLAIN,LN,ROUGH,U,,,,,MRKE
MDB,2019,C,11,,LNU,13,11,6,SNC4,,32,,,PLAIN,LN,ROUGH,U,,,,,,,MRKE
MDB,2019,C,12,,LNU,16,13,2,SNS35,16,32,LN,L,CH,N,CR4,U,CH,L,,,,,
MDB,2019,C,12,,B,,11,,SNB1,7,32,,,P-R-W,B,,,,,,,,,
MDB,2019,C,12,,B,,10,,SNB1,,32,,,PLAIN,B,,,,,,,,,
MDB,2019,C,12,,LNUM,12,10,5,S1,,32,,LNU+INT,PLAIN,UM,,,,,,,,,
MDB,2019,C,12,,LNU,22,11,2,SNY1,,32,L,L,CR4,U,,,,,,,,,MDB12
MDB,2019,C,12,,LNU,14,14,3,SNE12,20,32,L+INT,LNU+INT,RSO,INT,SI,U,,,,,,,
MDB,2019,C,12,,LNU,23,19,1,SNS14,24,32,L,LNU,CR4,U,,,,,,,,,
MDB,2019,C,12,,LNU,20,19,6,SNC10,36,32,,NU,CR4,NU,,,,,,,,,
MDB,2019,C,12,,LNU,20,12,2,SNY4,,32,L,LN,RSO,L,CR4,NU,,,,,,,MDB12
MDB,2019,C,12,,LNU,19,11,2,SNY,,32,LN,LN,RSO,LN,CR4,U,,,,,,,
MDB,2019,C,12,,LNU,14,13,2,S1,18,32,L,LN,CH,L,P-W-L,L,CR4,U,,,,,
MDB,2019,C,12,,LNU,13,11,6,SNC2,24,32,,,PLAIN,L,ROUGH,U,,,,,,,MRK E
MDB,2019,C,12,,LNUM,13,15,5,S1,11,32,,,PLAIN,LNUM,,,,,,,,,MDB14
MDB,2019,C,12,,LN,15,,4,SNS15,30,32,,,PLAIN,L,CH,L INT,CR4,N,,,,,
MDB,2019,C,12,,LNU,14,13,1,S1,13,32,LN,LN,RSO,LN,CH,L,P-W-L,N,CH,U,CR2,U,
MDB,2019,C,12,,LNU,19,19,2,S1,28,32,LN,LN+INT,CH,L,RSO,LN,CH,N,CR4,U,,,
MDB,2019,C,12,,B,,10,,SNB1,9,32,,,P-R-L,B,,,,,,,,,
MDB,2019,C,12,,LNU,15,10,2,SNY7,22,32,LN,LN,RSO,LN,CR4,U,,,,,,,
MDB,2019,C,12,,LNU,22,24,2,SNS4,,32,LN,LN,RSO,LN,CH,N,CR,U,,,,,
MDB,2019,C,12,,LNU,15,6,2,SNY1,11,32,,LN,MCH,L,CR4,U,P-R-L,U,,,,,MDB12
MDB,2019,C,12,,LNU,18,20,6,SNC10,,32,,,CR4,NU,,,,,,,,,
MDB,2019,C,12,,LNU,26,9,,SNY,,32,L,L,ROUGH,NU,CR4,U,,,,,,,
MDB,2019,C,12,,LNU,19,10,2,SNY4,13,32,L,L,RSO,L,CH,L,CR4,U,,,,,MDB12
MDB,2019,C,12,,LNU,17,11,2,SNY1,,32,L,LN,CR4,U,BLACK,U,,,,,,,MDB12
MDB,2019,C,12,,NU,19,11,2,SNY,,32,N,N,RSO,N,CR4,U,,,,,,,MDB12
MDB,2019,C,12,,LC,13,,,E57,5,32,LC+INT,LC+INT,RSO,LC+INT,MCH,C,P-W-L,C,,,,,
MDB,2019,C,12,,LNU,16,15,1,SNS35,,32,,,PLAIN,LN,ROUGH,U,,,,,,,
MDB,2019,C,12,,LNU,11,7,2,SNS7,7,32,,LN+INT,CR4,U,,,,,,,,,
MDB,2019,C,12,,LC,10,,1,SNE10,8,32,LC+INT,LC+INT,RSO,LC+INT,,,,,,,,,
MDB,2019,C,12,,LNU,14,12,2,S1,,32,LN+INT,LN+INT,RSO,LN+INT,PFR?,U,,,,,,,
MDB,2019,C,12,,LNU,10,11,6,SNC4,20,32,L+INT,L+INT,RSO,L+INT,CR4,NU,,,,,,,
MDB,2019,C,12,,LNU,12,12,6,SNC9,34,32,,,MCH,N INT,PLAIN,LNU,,,,,,,
MDB,2019,C,12,,LNU,10,9,5,SNS38,25,32,INT,,PLAIN,LNU,,,,,,,,,
MDB,2019,C,12,,LNU,12,11,6,SNC9,36,32,,,MCH,L INT,CI,N INT,,,,,,,
MDB,2019,C,14,,LNU,16,15,4,SNS13,,32,,,CH,N,,,,,,,,,
MDB,2019,C,14,,LNU,13,14,3,SNY3,19,32,INT,L+INT,P-R-L,N,CR4,NU,,,,,,,
MDB,2019,C,14,,LNU,14,12,3,SNT3,11,32,L,L,BLACK,NU,CR4,U,,,,,,,
MDB,2019,C,14,,LNU,9,12,1,S1,<4,32,,,PLAIN,LNU,,,,,,,,,
MDB,2019,C,14,,LNU,21,15,2,SNS36,35,32,,,CH,L,PLAIN,NU,,,,,,,
MDB,2019,C,14,,LN,15,15,5,S1,22,32,L+INT,L+INT,RSO,L+INT,,,,,,,,,
MDB,2019,C,14,,LNU,11,9,3,S1,15,32,N,N,RSO,N,CR,U,,,,,,,
MDB,2019,C,14,,LN,13,12,2,S1,,32,LN+INT,LN+INT,RSO,LN+INT,CH,L,,,,,,,
MDB,2019,C,14,,LC,13,13,2,E57,7,32,LC+INT,LC+INT,RSO,LC+INT,,,,,,,,,MDB1
MDB,2019,C,14,,LC,13,,,SNE4,8,32,LC+INT,LC+INT,RSO,LC+INT,CH,L,CH,L INT,,,,,MDB1
MDB,2019,C,14,,CN,10,14,1,,6,32,CN,CN,RSO,CN,,,,,,,,,
MDB,2019,C,14,,LN,15,,2,,18,32,LN,LN,,,,,,,,,,,
MDB,2019,C,14,,LN,10,15,6,SNC6,24,32,LN+INT,LN+INT,RSO,LN+INT,,,,,,,,,
MDB,2019,C,14,,B,,,,SNB1,,32,,,PLAIN,B,,,,,,,,,
MDB,2019,C,14,,LNU,16,14,2,SNY6,11,32,,L,CR4,U,,,,,,,,,
MDB,2019,C,14,,LNU,17,11,2,SNY5,16,32,LN,LN,CR4,NU,,,,,,,,,
MDB,2019,C,14,,LNU,19,10,1,SNY,,32,,L,CR4,NU,,,,,,,,,
MDB,2019,C,14,,LNU,22,19,1,SNY5,24,33,L,LN+INT,CR4,U,,,,,,,,,
MDB,2019,C,14,,LNU,17,9,2,SNY5,11,32,L,LN,CR4,U,,,,,,,,,
MDB,2019,C,14,,LNU,18,7,1,SNY5,15,32,L,L,RSO,L,CR4,U,,,,,,,
MDB,2019,C,14,,LN,25,20,2,SNY5,,32,L,L,RSO,L,EROD,U,,,,,,,
MDB,2019,C,14,,LNU,22,14,2,SNY2,,32,L,L,RSO,L,CR4,NU,,,,,,,
MDB,2019,C,14,,LC,13,12,2,SNE25,13,32,LC,LC,RSO,LC,P-W,C,,,,,,,
MDB,2019,C,14,,LCNU,13,12,2,SNE25,13,32,LCN,LCN,RSO,LCN,P-W,C,CR4,U,SI-GEO,NU,,,
MDB,2019,C,14,,LCNU,11,10,2,SNE25,12,32,L,L,RSO,L,CR4,U,SI-GEO,U,,,,,
MDB,2019,CE1,15,,LNU,15,13,4,SNS12,17,32,L+INT,LN+INT,RSO,L+INT,P-R-L,U,CR4,U,,,,,
MDB,2019,CE1,15,,LNU,20,15,3,SNS35,38,32,L,L,RSO,L,CR8,NU,,,,,,,
MDB,2019,CE1,15,,LNU,14,12,2,SNS36,16,32,L,L,RSO,L,CR4,U,,,,,,,
MDB,2019,CE1,15,,B,,8,,SNB2,,32,,,,,,,,,,,,,
MDB,2019,CE1,15,,LNU,18,12,1,SNY4,16,32,,LC,CR4,U,,,,,,,,,
MDB,2019,CE1,15,,B,,14,,SNB1,,32,,,,,,,,,,,,,
MDB,2019,CE1,15,,C,14,10,,E57,,32,C+INT,C+INT,RSO,C+INT,,,,,,,,,
MDB,2019,CE1,15,,LNU,10,10,1,SNS17,23,32,L+INT,L+INT,RSO,L+INT,CH,L,,,,,,,
MDB,2019,CE1,15,,LCNU,14,9,2,SNE16,13,32,LCNU+INT,LCNU+INT,RSO,LCNU+INT,CH,U,,,,,,,
MDB,2019,CE1,18,,LNU,11,9,3,S1,15,32,,,BLACK,LNU,PLAIN,LN,CR,U,,,,,
MDB,2019,CE1,18,,LN,20,,1,SNY2,17,32,L,LN,RSO,L,MCH,L,,,,,,,
MDB,2019,CE1,18,,LNU,17,15,4,SNS13,>42,32,INT,INT,PLAIN,LNU,,,,,,,,,
MDB,2019,CE1,18,,C,12,,,BT,<4,32,C,C,RSO,C,,,,,,,,,
MDB,2019,CE1,18,,LNU,21,11,2,SNY2,,32,L,L,RSO,L,VPR,U,,,,,,,
MDB,2019,CE1,18,,NU,16,10,,SNY,,32,,,CR4,U,,,,,,,,,
MDB,2019,CE1,18,,LNU,15,11,3,SNS9,20,32,,,PLAIN,L,CR4,U,,,,,,,
MDB,2019,CE1,18,,LNU,9,6,4,SNE7,,32,LN+INT,LN+INT,RSO,L+INT,CH,L,CR4,U,,,,,
MDB,2019,CE1,18,,LNU,18,7,,SNY,,32,L,L,RSO,L,CR4,U,,,,,,,
MDB,2019,CE1,18,,LNU,17,14,3,S1,30,32,,,PLAIN,LN,CR4,U,,,,,,,
MDB,2019,CE1,18,,B,,8,,SNB1,6,32,,B,CR4,B,,,,,,,,,
MDB,2019,CE1,18,,LNU,14,13,3,SNY3,,32,LN,LN,RSO,LN,CR4,U,,,,,,,
MDB,2019,CE1,18,,LN,15,12,1,SNS35,26,32,LN,LN,RSO,LN,CH,L,P-W-L,L,CH,N,CR,N,MDB3
MDB,2019,CE1,18,,LN,27,25,2,SNS14,7,32,,,CR4,U,,,,,,,,,
MDB,2019,CE1,18,,NM,,7,,SNY – CARINATED?,,32,N,N,RSO,N,CR4,M,,,,,,,
MDB,2019,CE1,18,,LNU,12,11,6,SNC2,21,32,INT,LN+INT,PLAIN,NU,,,,,,,,,
MDB,2019,CE1,18,,LNU,12,10,3,S1,15,32,,EROD,CH,L INT,CH,L,EROD,NU,,,,,
MDB,2019,CE1,18,,LC,13,,,BT,<4,32,,,PLAIN,LC,,,,,,,,,
MDB,2019,CE1,18,,LNU,10,10,5,S1,11,32,,,CR4,NU,,,,,,,,,
MDB,2019,CE1,19,,LNU,12,10,2,S1,11,32,LNU,LNU,RSO,LNU,CH,N,CH,U,,,,,
MDB,2019,CE1,19,,LC,13,11,,SNE5,9,32,LC+INT,LC+INT,RSO,LC+INT,MCH,C,CH,C,,,,,
MDB,2019,CE1,19,,LC,17,,,SNS24,11,32,LC+INT,INT,RSO,INT,,,,,,,,,
MDB,2019,CE1,19,,LNU,11,9,2,N8,16,32,,,CH,L,PLAIN,LNU,,,,,,,
MDB,2019,CE1,19,,LN,20,12,2,SNY1,,32,L,LN,RSO,L,CR4,N,,,,,,,
MDB,2019,CE1,19,,B,,,,SNB1,12,32,,,,,,,,,,,,,
MDB,2019,CE1,19,,LN,15,12,2,SNS11,26,32,L,L,RSO,L,CH,L,,,,,,,
MDB,2019,CE1,19,,LN,19,16,3,SNS35,34,32,L+INT,L,RSO,L,CR8,N,,,,,,,
MDB,2019,CE1,19,,LN,19,12,1,SNY2,12,32,LN,L,RSO,L,CH,L,CR4,N,,,,,
MDB,2019,CE1,19,,LNU,13,8,6,SNC4,40,32,,,PLAIN,LNU,ROUGH,U,,,,,,,
MDB,2019,CE1,19,,LNU,18,14,1,N8,,32,LN,LN,RSO,LNU,CR4,U,,,,,,,
MDB,2019,CE1,19,,LNU,17,10,2,SNY,,32,LN,L,RSO,L,CR4,NU,,,,,,,
MDB,2019,CE1,19,,LNU,12,9,4,S1,27,32,,,CR4,NU,,,,,,,,,
MDB,2019,CE1,19,,LC,11,10,,E57?,,32,LC+INT,LC+INT,RSO,LC+INT,CH,L,,,,,,,
MDB,2019,C,20,,LNU,17,10,1,SNY1,17,32,L,L,CH,L,CR4,NU,,,,,,,
MDB,2019,C,20,,LNU,19,13,3,SNS35,39,32,L,L,RSO,L,CR6,NU,,,,,,,
MDB,2019,C,20,,LNU,10,10,6,SNC7,21,32,,L+INT,P-R-GEO,LNU,,,,,,,,,
MDB,2019,C,20,,LC,12,11,,SNE8,7,32,LC+INT,LC+INT,RSO,LC+INT,,,,,,,,,
MDB,2019,C,20,,LNU,19,10,1,SNY5,14,32,L,L,RSO,L,CR4,U,,,,,,,MDB12
MDB,2019,C,20,,LCNU,8,10,2,SNE11,12,32,U+INT,U+INT,RSO,U+INT,,,,,,,,,
MDB,2019,C,20,,LNU,22,,1,SNS17,26,32,,L,CR4,U,,,,,,,,,
MDB,2019,C,20,,LNU,15,9,2,SNY1,25,32,,L,NOTCHES,L,CR4,U,,,,,,,
MDB,2019,C,20,,LN,7,10,6,SNC6,15,32,LN+INT,LN,RSO,LN,,,,,,,,,
MDB,2019,C,20,,LC,11,,,SNE4,,32,LC+INT,LC+INT,RSO,LC+INT,CH,L,,,,,,,
MDB,2019,C,20,,LNU,32,34,2,S1,,32,,,CR4,NU,,,,,,,,,MDB13
MDB,2019,C,20,,,,,,,35,,,,CR4,,SI,,,,,,,,MDB10
MDB,2019,C,20,,,,,,,39,,,,CR4,,SI,,,,,,,,MDB10
MDB,2019,C,20,,,,,,,31,,,,CR6,,SI,,,,,,,,MDB10
MDB,2019,C,20,,,,,,,32,,,,CR6,,SI,,,,,,,,MDB10
MDB,2019,C,20,,,,,,,17,,,,CR6,LNU,SI,LNU,,,,,,,MDB10
MDB,2019,C,23,,LNU,25,29,5,S1,36,32,,,CR4,NU,,,,,,,,,MDB10
MDB,2019,C,23,,LNU,24,24,5,S1,45,32,,,CR4,NU,,,,,,,,,MDB10
MDB,2019,C,23,,LNU,28,32,5,S1,22,32,,,CR4,NU,,,,,,,,,MDB10
MDB,2019,C,23,,LNU,14,20,6,SNC9,32,32,L+INT,L+INT,RSO,L+INT,PLAIN,N,VPR,U,,,,,
MDB,2019,C,23,,LNU,26,19,1,SNS14,20,32,,,CH,N,CR4,U,,,,,,,MDB11
MDB,2019,C,23,,LC,15,,,E57,6,32,LC+INT,LC+INT,RSO,LC+INT,,,,,,,,,MDB1
MDB,2019,C,23,,LNU,19,12,2,SNY1,12,31,L,L,RSO,L,CR4,U,BLACK,U,,,,,MDB12
MDB,2019,C,23,,LNU,24,19,2,SNY2,15,32,L,LNU,RSO,L,CR4,U,CH,U,,,,,
MDB,2019,C,23,,LNU,20,10,2,SNY5,14,32,L,L,RSO,L,CR4,U,,,,,,,MDB12
MDB,2019,C,23,,LN,,,2,SNY1,21,32,L,LN,RSO,L,,,,,,,,,
MDB,2019,C,23,,NU,22,11,2,SNY2,,32,N,NU,RSO,N,VPR,U,,,,,,,MRKA
MDB,2019,C,23,,LNU,19,9,3,SNY5,13,32,L,LNU,RSO,L,VPR,U,,,,,,,
MDB,2019,C,23,,LNU,20,13,2,SNY1,9,32,L,L,RSO,L,CR4,U,BLACK,U,,,,,MDB12
MDB,2019,C,23,,LNU,18,11,3,SNY3,,32,L,L,RSO,L,CR4,U,,,,,,,
MDB,2019,C,23,,LNU,17,10,2,SNY7,34,32,L,,CR8?,NU,,,,,,,,,
MDB,2019,C,24,,LNU,17,12,2,SNS11,,32,L,LN,RSO,L,CH,N,CR4,U,,,,,MRKB
MDB,2019,C,24,,LNU,21,15,1,SNS36,,32,L,LN,RSO,L,CH,N,CR2,U,,,,,
MDB,2019,C,24,,LNU,15,11,2,SNY3,23,32,L,LN,RSO,L,CR4,U,,,,,,,MDB2
MDB,2019,C,24,,LN,19,13,1,SNY4,15,31,L,LN,BLACKBURN,L,CR,NU,,,,,,,
MDB,2019,C,24,,LNU,15,11,2,SNY,14,32,L,L,RSO,L,CR4,U,,,,,,,
MDB,2019,C,24,,LUM,,10,2,SNY2,16,32,L,L,RSO,L,CR4,UM,,,,,,,
MDB,2019,C,24,,LNU,13,11,4,SNS7,26,32,L+INT,L+INT,RSO,L+INT,PLAIN,NU,,,,,,,
MDB,2019,C,24,,LNU,12,10,3,S1,14,32,L INT,L INT,PLAIN,NU,,,,,,,,,
MDB,2019,C,24,,LNU,21,18,2,S1,35,32,L,L,RSO,L,CR4,NU,,,,,,,
MDB,2019,C,24,,LNU,18,14,2,SNY4,,32,L,L,RSO,L,CR4,U,,,,,,,
MDB,2019,C,25,,B,,19,,SNB1,12,32,,,PLAIN,B,,,,,,,,,
MDB,2019,C,25,,LC,12,,1,SNE2,7,31,LC+INT,LC+INT,RSO,LC+INT,CH,L,P-W-L,L,CH,C,,,MDB1
MDB,2019,C,25,,LC,14,,,SNE10,5,32,LC+INT,LC+INT,RSO,LC+INT,CH,L,,,,,,,
MDB,2019,C,25,,LN,13,12,2,S1,16,32,LN,LN,RSO,LN,,,,,,,,,
MDB,2019,C,25,,LNU,14,9,4,SNE7,24,32,,LN+INT,CH,L,VPR,U,,,,,,,
MDB,2019,C,25,,LNU,14,14,6,E90,30,32,INT,INT,CR6,U,,,,,,,,,
MDB,2019,C,25,,LNU,20,16,1,SNY,4,32,L,L,RSO,L,EROD,NU,,,,,,,
MDB,2019,C,26,,NU,24,15,,SNY2,,32,N,NU,RSO,N,CR4,U,,,,,,,
MDB,2019,C,26,,LNU,18,17,2,N8,24,32,LN,,SI-LINE,,,,,,,,,,
MDB,2019,C,26,,LNU,12,11,4,SNY3,23,32,INT,LN+INT,RSO,INT,ROUGH,U,,,,,,,
MDB,2019,C,26,,LNU,16,9,3,SNY2,16,32,L,LN,RSO,L,VPR,U,,,,,,,
MDB,2019,C,26,,LNU,14,9,3,SNY3,14,32,,LN,CR4,U,BLACK,U,,,,,,,
MDB,2019,C,26,,LC,15,,,E57,12,32,LC+INT,LC+INT,RSO,LC+INT,CH,L,P-W-L,L,,,,,MDB1
MDB,2019,C,26,,LNU,9,10,6,SNC1,,32,,,PLAIN,L,ROUGH,U,,,,,,,
MDB,2019,C,26,,B,,10,,SNB1,7,32,,,PLAIN,B,,,,,,,,,
MDB,2019,C,27,,LNU,15,15,3,SNS14,20,32,LN,LN,RSO,LN,CH,N,CR2,NU,,,,,
MDB,2019,C,27,,B,,12,,SNB1,5,32,,,PLAIN,B,,,,,,,,,
MDB,2019,C,27,,LC,12,,,SNE4,4,32,LC+INT,LC+INT,RSO,LC+INT,,,,,,,,,
MDB,2019,C,27,,LN,15,,6,SNC1,26,32,,,PLAIN,LN,,,,,,,,,
MDB,2019,C,28,,LNU,22,24,2,SNS14,36,32,,,CH,N,VPR,U,,,,,,,
MDB,2019,C,28,,LNU,29,26,2,SNS32,,32,,,CH,N,VPR,U,,,,,,,
MDB,2019,C,28,,B,,22,,SNB1,,32,,,PLAIN,B,,,,,,,,,
MDB,2019,C,28,,B,,12,,SNB1,6,32,,,PLAIN,B,,,,,,,,,
MDB,2019,C,28,,LNUM,10,14,4,S1,9,32,,,CH,L,CH,U,,,,,,,
MDB,2019,C,28,,NUMB,,13,,S1,5,32,,,PLAIN,NUMB,,,,,,,,,MDB14
MDB,2019,C,28,,B,,14,,SNB1,7,32,,,SI,B,,,,,,,,,
MDB,2019,C,28,,LNU,27,13,3,SNE7,26,32,LN+INT,,CH,N INT,CH,N,CR,U,CH,L,,,
MDB,2019,C,28,,LC,12,,,SNE5,10,32,LC+INT,LC+INT,RSO,LC+INT,MCH,C,,,,,,,
MDB,2019,C,28,,LNU,10,12,3,S1,16,32,LN,LN,RSO,LN,CH,L,CH,N,VPR,U,,,
MDB,2019,C,28,,LN,21,,2,N8,28,32,,,PLAIN,LN,,,,,,,,,
MDB,2019,C,28,,LNU,23,8,1,SNY2,12,32,L,L,RSO,L,CH,L,CR4,U,,,,,
MDB,2019,C,28,,NU,,5,,SNY,,32,,,CR4,U,SI-GEO,U,,,,,,,
MDB,2019,C,28,,LNU,22,11,1,SNY2,,32,L,L,RSO,L,VPR,U,,,,,,,
MDB,2019,C,28,,LNU,16,11,6,SNC8,28,32,LNU+INT,,CH,L,MCH,U,RSO,INT,,,,,
MDB,2019,C,28,,LNU,17,14,6,SNC1,29,32,INT,INT,RSO,INT,PLAIN,N,ROUGH,U,,,,,
MDB,2019,C,28,,LNU,14,14,6,SNC1,18,32,INT,INT,RSO,INT,ROUGH,U,,,,,,,
MDB,2019,C,28,,LNU,13,12,6,SNC2,24,32,L+INT,L+INT,RSO,L+INT,PLAIN,NU,,,,,,,
MDB,2019,C,28,,LNU,12,9,6,SNC1,28,32,,,PLAIN,LN,ROUGH,U,,,,,,,
MDB,2019,C,28,,LN,16,14,3,S1,26,32,LN+INT,,CH,L,CH,N,BLACKBURN,LN+INT,,,,,
MDB,2019,C,29,,LNUM,10,7,3,SNS29,14,32,LN,LN,RSO,LN,CH,L,CH,N,VPR,UM,,,
MDB,2019,C,29,,LNU,12,14,6,SNC7,23,32,,L+INT,CH,L INT,PLAIN,NU,,,,,,,
MDB,2019,C,29,,LNU,11,16,6,SNC2,39,32,INT,,PLAIN,N,ROUGH,U,,,,,,,
MDB,2019,C,29,,B,,9,,SNB1,9,32,,,PLAIN,B,,,,,,,,,
MDB,2019,C,29,,LNU,13,13,2,S1,11,32,,,PLAIN,LN,ROUGH,U,,,,,,,
MDB,2019,C,29,,LN,12,,1,SNS17,15,32,LN,LN,RSO,LN,MCH,LN,P-W-L,LN,,,,,
MDB,2019,C,29,,LNU,22,14,1,SNS14,26,32,,,CH,N,CR4,U,,,,,,,
MDB,2019,C,29,,LNUM,26,9,1,SNY7,10,32,LN,LN,RSO,LN,MCH,LN,VPR,UM,,,,,MRK A
MDB,2019,C,29,,LNU,10,10,6,SNC1,18,32,LN,,PLAIN,LNU,,,,,,,,,
MDB,2019,C,29,,NU,19,11,,SNY7,27,32,N,N,RSO,N,VPR,U,,,,,,,MRK A
MDB,2019,C,29,,NUM,21,10,,SNY7,15,32,N,N,RSO,N,BLACK,UM,VPR,UM,,,,,MRK A
MDB,2019,C,29,,NU,21,10,,SNY7,,32,N,,VPR,U,,,,,,,,,
MDB,2019,C,29,,LNU,10,8,1,S1,24,32,LNU,LNU,RSO,LNU,MCH,N,,,,,,,
MDB,2019,C,29,,LNU,13,13,6,SNC4,30,32,INT,INT,PLAIN,LN,ROUGH,U,,,,,,,
MDB,2019,C,29,,LNUM,13,10,3,SNS7,19,32,,,CH,L,PLAIN,LN,ROUGH,UM,,,,,
MDB,2019,C,29,,LNU,10,8,2,SNS7,14,32,LN,LN,RSO,LN,CH,L,P-W-L,L,VPR,U,,,
MDB,2019,C,29,,LC,19,,,SNE5,,32,LC+INT,LC+INT,RSO,LC+INT,MCH,L,,,,,,,
MDB,2019,C,29,,LNU,15,10,6,SNC3,20,32,,,PLAIN,LN,ROUGH,U,SI-GEO,U,,,,,
MDB,2019,C,29,,NUM,19,10,,SNY7,18,32,N,NU,RSO,N,VPR,UM,,,,,,,
MDB,2019,C,29,,LN,12,11,2,S1,30,32,LN,LN,RSO,LN,,,,,,,,,
MDB,2019,C,29,,B,,,,SNB1,9,32,,,PLAIN,B,,,,,,,,,
MDB,2020,C,51,,LCUM,16,9,5,SNE47,32,33,LCU+INT,LCU+INT,CR6,M,MCH,UM,PW,M,,,,,
MDB,2020,C,51,,LUM,16,8,2,SNS82,18,32,LUM+INT,LUM+INT,CR6,M,MCH,U,,,,,,,
MDB,2020,C,51,,LCU,20,13,4,SNE46,32,33,,LC+INT,CR4,U,,,,,,,,,
MDB,2020,C,51,,LUM,10,6,2,SNS81,12,31,,LU+INT,CR6,UM,,,,,,,,,
MDB,2020,C,51,,LU,12,7,6,SNC4,24,33,,LU-INT,CR2,U,,,,,,,,,
MDB,2020,C,51,,LCU,12,16,1,SNE45,26,32,LCU,LCU+INT,MCH,LCU,,,,,,,,,
MDB,2020,C,51,,LCU,12,5,1,SNE45,14,32,,LUM+INT,MCH,C,,,,,,,,,
MDB,2020,C,51,,LU,15,9,5,SNS5,26,33,,LU+INT,CR8,U,SI4,U,,,,,,,
MDB,2020,C,51,,LU,16,9,4,SNS84,24,33,,LU+INT,CR,U,,,,,,,,,
MDB,2020,C,51,,LU,12,10,6,SNC8,24,33,,LU+INT,CR6,U,,,,,,,,,
MDB,2020,C,51,,LCU,9,7,5,SNE8,18,32,LCU+INT,LCU+INT,CR2,U,,,,,,,,,
MDB,2020,C,51,,LUM,15,7,5,SNS15,28,32,,LUM+INT,CR,UM,SI2,M,,,,,,,
MDB,2020,C,51,,LU,12,10,6,SNC8,24,32,,LU-INT,CR6,U,,,,,,,,,
MDB,2020,C,51,,LU,9,12,1,SNS83,16,31,,LU+INT,ROUGH,LU+INT,SI2,L,,,,,,,
MDB,2020,C,51,,LU,7,13,2,SNS83,16,31,,LU+INT,ROUGH,LU+INT,SI2,L,,,,,,,
MDB,2020,C,51,,LCU,13,6,5,SNE8,20,32,LCU+INT,LCU+INT,CR,U,,,,,,,,,
MDB,2020,C,51,,LUM,14,9,6,SNC28,26,33,,LUM-INT,CR4,LUM,,,,,,,,,
MDB,2020,C,51,,LU,10,6,5,SNS5,18,33,LU-INT,LU+INT,,,,,,,,,,,
MDB,2020,C,51,,LU,13,11,2,SNS62,20,31,,LU-INT,CR,U,SI2,L,ROUGH,U-INT,,,,,
MDB,2020,C,51,,LCU,11,6,2,SNE48,22,32,LC+INT,LC+INT,CR4,U,,,,,,,,,
MDB,2020,C,51,,LU,10,8,6,SNC23,16,32,,LU-INT,CR2,U,,,,,,,,,
MDB,2020,C,51,,LU,14,7,2,SNS83,18,32,,LU+INT,,,,,,,,,,,
MDB,2020,C,51,,LU,13,9,6,SNC29,16,32,LU-INT,LU-INT,,,,,,,,,,,
MDB,2020,C,51,,LC,8,5,4,SNE6,14,32,LC+INT,LC+INT,CH,C,,,,,,,,,
MDB,2020,C,51,,LU,14,7,4,SNS33,22,33,,LU+INT,,,,,,,,,,,
MDB,2020,C,51,,B,22,8,5,SNB4,12,32,,LU+INT,,,,,,,,,,,
MDB,2020,C,51,,LUM,12,7,1,SNS11,22,32,,LUM+INT,ROUGH,M,,,,,,,,,
MDB,2020,C,51,,LU,9,7,6,SNC23,28,32,,LU-INT,CR2,U,,,,,,,,,
MDB,2020,C,51,,LC,8,5,5,SNE6,12,33,LC+INT,LC+INT,CH,C,,,,,,,,,
MDB,2020,C,51,,LC,10,5,5,SNE40,22,32,LC-INT,LC+INT,,,,,,,,,,,
MDB,2020,C,51,,LU,15,9,6,SNC17,32,32,,LU-INT,CR2,U,,,,,,,,,
MDB,2020,C,51,,LU,12,13,4,SNS15,26,32,LU-INT,LU+INT,CR4,U,,,,,,,,,
MDB,2020,C,51,,LU,16,10,6,SNC17,16,32,,LU-INT,EROD,U,,,,,,,,,
MDB,2020,C,51,,LU,11,12,1,SNS83,26,33,,LU+INT,ROUGH,LU+INT,EROD,U,SI2,U,,,,,
MDB,2020,C,51,,LU,13,6,6,SNC1,14,33,,LU+INT,CR4,U,,,,,,,,,
MDB,2020,C,51,,LU,11,13,2,SNS86,18,33,,LU-INT,SI2,L,ROUGH,LU-INT,EROD,U,,,,,
MDB,2020,C,51,,LC,9,6,5,SNE6,14,32,LC+INT,LC+INT,,,,,,,,,,,
MDB,2020,C,51,,LU,15,13,2,SNS84,22,33,,LU+INT,CR4,U,,,,,,,,,
MDB,2020,C,51,,LU,7,5,1,SNS81,10,32,,LU+INT,,,,,,,,,,,
MDB,2020,C,51,,LU,9,7,6,SNC23,22,33,,LU-INT,CR2,U,,,,,,,,,
MDB,2020,C,51,,LU,9,5,4,SNS87,16,33,LU-INT,LU+INT,,,,,,,,,,,
MDB,2020,C,51,,LC,12,6,4,SNE41,,32,LC+INT,LC+INT,,,,,,,,,,,
MDB,2020,C,51,,LU,8,7,6,SNC23,12,32,,LU-INT,EROD,U,,,,,,,,,
MDB,2020,C,51,,LU,10,8,5,SNS87,12,32,LU-INT,LU+INT,,,,,,,,,,,
MDB,2020,C,51,,LU,12,16,4,SNS86,,31,,LU+INT,EROD,U,SI2,L,ROUGH,LU-INT,,,,,
MDB,2020,C,51,,LU,14,9,4,SNS80,,32,,LU-INT,CR4,U,,,,,,,,,
MDB,2020,C,51,,LU,16,15,,SNS75,,33,,LU-INT,EROD,U,?,L,,,,,,,
MDB,2020,C,51,,LU,13,14,4,SNS62,,33,U,LU+INT,,,,,,,,,,,
MDB,2020,C,51,,LU,13,6,5,SNS5,24,31,,LU+INT,,,,,,,,,,,
MDB,2020,C,51,,LC,11,7,5,SNE49,12,32,LC-INT,LC+INT,,,,,,,,,,,
MDB,2020,C,51,,LU,11,7,,SNS46,,32,,LU+INT,CR4,U,,,,,,,,,
MDB,2020,C,51,,LU,17,16,5,SNS85,22,32,,LU+INT,,,,,,,,,,,
MDB,2020,C,46,,LCUM,11,6,4,SNE51,22,33,LCU,LCU+INT,MCH,U,CR8,M,,,,,,,
MDB,2020,C,46,,LUM,14,8,5,SNS91,40,31,LU+INT,LU+INT,MCH,U,CR6,U,,,,,,,
MDB,2020,C,46,,LC,20,9,5,SNE20,30,31,,LC+INT,,,,,,,,,,,
MDB,2020,C,46,,LUM,12,9,6,SNC28,30,33,,LU-INT,CR4,UM,,,,,,,,,
MDB,2020,C,46,,LU,13,9,5,SNS90,42,32,LU+INT,LU+INT,MCH,U+INT,CR6,U,,,,,,,
MDB,2020,C,46,,LUM,16,8,6,SNC31,30,32,,LUM-INT,CR4,UM,SI2,M,SI4,M,,,,,
MDB,2020,C,46,,LUM,14,12,5,SNS89,34,33,,LUM-INT,CR2,UM,SI4,UM,,,,,,,
MDB,2020,C,46,,LC,21,14,5,SNE20,32,33,,LC+INT,,,,,,,,,,,
MDB,2020,C,46,,LUM,9,7,5,SNS88,14,32,,LUM-INT,MCH,LU-INT,SI4,M,,,,,,,
MDB,2020,C,46,,LU,12,7,6,SNC30,24,33,,LU-INT,CR2,U,,,,,,,,,
MDB,2020,C,46,,LC,13,7,5,SNE50,28,33,LC+INT,LC+INT,CH,L,,,,,,,,,
MDB,2020,C,46,,LC,11,6,4,SNE5,16,33,LC,LC+INT,MCH,C,,,,,,,,,
MDB,2020,C,46,,LU,9,4,6,SNC1,26,33,,LU+INT,CR2,U,,,,,,,,,
MDB,2020,C,46,,LC,8,5,5,SNE6,12,33,LC+INT,LC+INT,,,,,,,,,,,
MDB,2020,C,46,,LU,10,5,2,SNS5,20,31,LU,LU+INT,MCH,U,PW,U,,,,,,,
MDB,2020,C,46,,LU,15,6,4,SNS54,18,32,LU-INT,LU-INT,VPR,U,CH,U+INT,,,,,,,
MDB,2020,C,46,,LU,12,6,5,SNS5,16,33,,LU-INT,CR4,U,,,,,,,,,
MDB,2020,C,46,,LC,8,5,5,SNE6,14,33,LC+INT,LC+INT,,,,,,,,,,,
MDB,2020,C,46,,LU,12,6,,SNS92,18,32,,LU+INT,CH,U+INT,,,,,,,,,
MDB,2020,C,46,,LU,9,7,6,SNC23,18,32,,LU-INT,CR2,U,,,,,,,,,
MDB,2020,C,46,,LU,11,5,6,SNC32,16,33,LU-INT,LU+INT,PW,U,,,,,,,,,
MDB,2020,C,50,,LUM,14,5,1,SNS93,20,33,LU,LUM+INT,MCH,UM,,,,,,,,,
MDB,2020,C,50,,LUM,14,11,6,SNC33,22,33,LUM-INT,LUM+INT,,,,,,,,,,,
MDB,2020,C,50,,LU,14,12,6,SNC8,26,32,,LU-INT,CR6,U,,,,,,,,,
MDB,2020,C,50,,LC,11,6,5,SNE5,32,31,LC+INT,LC+INT,CH,C,,,,,,,,,
MDB,2020,C,50,,LC,20,15,4,SNE46,28,31,,LC+INT,,,,,,,,,,,
MDB,2020,C,50,,LUM,12,7,6,SNC4,16,32,,LUM+INT,,,,,,,,,,,
MDB,2020,C,50,,LC,8,6,5,SNE3,14,32,LC+INT,LC+INT,,,,,,,,,,,
MDB,2020,C,50,,LCU,9,6,5,SNE37,24,33,LCU+INT,LCU+INT,CH,C,,,,,,,,,
MDB,2020,C,50,,LUM,15,9,6,SNC34,18,31,,LUM+INT,CH,U,,,,,,,,,
MDB,2020,C,41,,LUM,13,8,1,SNS94,26,33,LU+INT,LU+INT,MCH,UM,,,,,,,,,
MDB,2020,C,41,,LUM,12,8,,SNS59,,31,LUM,LUM+INT,,,,,,,,,,,
MDB,2020,C,41,,LUM,15,9,6,SNC35,28,31,,LUM+INT,VPR,UM,,,,,,,,,
MDB,2020,C,41,,LUM,12,11,6,SNC31,16,32,UM-INT,LUM+INT,,,,,,,,,,,
MDB,2020,C,41,,LU,13,8,1,SNS94,22,33,LU,LU+INT,MCH,U,,,,,,,,,
MDB,2020,C,41,,LC,12,7,4,SNE26,28,32,,LC+INT,,,,,,,,,,,
MDB,2020,C,41,,LU,13,7,1,SNS94,24,33,LU,LU+INT,MCH,U,,,,,,,,,
MDB,2020,C,41,,LC,11,5,5,SNE5,16,32,LC+INT,LC+INT,CH,C,,,,,,,,,
MDB,2020,C,41,,LCU,12,7,4,SNE52,26,33,LC-INT,LC+INT,VPR,U,,,,,,,,,
MDB,2020,C,41,,LU,15,7,6,SNC26,38,31,,LU+INT,CR4,U,,,,,,,,,
MDB,2020,C,41,,LU,11,7,5,SNS59,22,32,LU-INT,LU-INT,EROD,U,,,,,,,,,
MDB,2020,C,41,,LC,10,6,4,SNE6,16,32,LC+INT,LC+INT,CH,C,,,,,,,,,
MDB,2020,C,41,,LC,7,4,3,SNE53,14,32,LC,LC+INT,MCH,C,,,,,,,,,
MDB,2020,C,41,,LCUM,6,4,4,SNE15,10,32,LCUM,LCUM+INT,CH,C,,,,,,,,,
MDB,2020,C,41,,LC,22,13,4,SNE54,32,33,,LC+INT,,,,,,,,,,,
MDB,2020,C,41,,LU,12,7,3,SNS57,20,31,,LU+INT,CR4,U,CH,U,,,,,,,
MDB,2020,C,41,,LUM,7,5,2,SNS95,22,32,,LUM+INT,CR4,M,,,,,,,,,
MDB,2020,C,41,,LU,12,5,5,SNS5,24,33,U,LU+INT,CH,U,,,,,,,,,
MDB,2020,C,41,,LU,11,8,6,SNC33,18,32,,LU+INT,,,,,,,,,,,
MDB,2020,C,41,,LU,14,7,6,SNC24,22,31,,LU+INT,CR4,U,,,,,,,,,
MDB,2020,C,41,,LU,12,9,6,SNC23,20,32,,LU+INT,EROD,U,,,,,,,,,
MDB,2020,C,41,,LC,9,5,4,SNE6,26,33,LC+INT,LC+INT,CH,C,,,,,,,,,
MDB,2020,C,41,,LC,10,7,4,SNE37,10,32,LC+INT,LC+INT,,,,,,,,,,,
MDB,2020,C,41,,LC,8,5,5,SNE26,10,32,LC+INT,LC+INT,,,,,,,,,,,
MDB,2020,C,41,,LC,9,6,5,SNE6,8,32,LC+INT,LC+INT,CH,C,,,,,,,,,
MDB,2020,C,41,,LU,12,7,6,SNC8,18,32,,LU-INT,CR4,U,,,,,,,,,
MDB,2020,C,41,,LU,10,6,6,SNC36,20,32,LU+INT,LU+INT,,,,,,,,,,,
MDB,2020,C,40,,LU,13,6,6,SNC4,28,31,,LU+INT,,,,,,,,,,,
MDB,2020,C,40,,LU,15,6,6,SNC4,24,32,,LU+INT,,,,,,,,,,,
MDB,2020,C,40,,LU,12,7,4,SNS80,22,32,LU+INT,LU+INT,,,,,,,,,,,
MDB,2020,C,40,,LCUM,12,9,5,SNS96,24,32,LCUM-INT,LCU+INT,VPR,UM,MCH,U,PR,U,,,,,
MDB,2020,C,40,,LCU,11,7,5,SNE56,20,33,LCU,LCU+INT,,,,,,,,,,,
MDB,2020,C,40,,LUM,15,8,4,SNS96,22,32,,LU+INT,CR6,UM,MCH,U,,,,,,,
MDB,2020,C,40,,LU,12,6,4,SNS97,12,32,LU,LU+INT,MCH,U,,,,,,,,,
MDB,2020,C,40,,B,18,6,6,SNB9,10,31,U,LU+INT,,,,,,,,,,,
MDB,2020,C,40,,LU,10,6,5,SNS5,16,32,LU+INT,LU+INT,,,,,,,,,,,
MDB,2020,C,40,,LU,17,10,4,SNS98,18,32,LU-INT,LU-INT,CR4,U,,,,,,,,,
MDB,2020,C,40,,LUM,14,5,5,SNY24,22,32,LU,LUM+INT,VPR,M,,,,,,,,,
MDB,2020,C,40,,LU,10,5,1,SNS46,22,33,LU+INT,LU+INT,CH,U,,,,,,,,,
MDB,2020,C,40,,LU,8,6,4,SNS62,12,32,LU,LU+INT,,,,,,,,,,,
MDB,2020,C,40,,LCU,15,6,4,SNE57,32,32,LCU+INT,LCU+INT,MCH,C+INT,,,,,,,,,
MDB,2020,C,40,,B,15,5,6,SNB11,8,31,,LU,,,,,,,,,,,
MDB,2020,C,40,,LC,11,6,4,SNE5,12,32,LC+INT,LC+INT,CH,C,,,,,,,,,
MDB,2020,C,40,,LU,10,7,,SNS5,,33,LU,LU+INT,MCH,U,,,,,,,,,
MDB,2020,C,40,,LC,11,7,4,SNE53,6,31,LC+INT,LC+INT,,,,,,,,,,,
MDB,2020,C,40,,LU,13,7,6,SNC2,32,31,,LU+INT,,,,,,,,,,,
MDB,2020,C,40,,LU,12,9,6,SNC23,22,31,LU-INT,LU+INT,,,,,,,,,,,
MDB,2020,C,40,,LU,13,8,4,SNS80,28,32,LU+INT,LU+INT,CH,U,EROD,U,,,,,,,
MDB,2020,C,40,,LU,12,7,5,SNS5,12,32,,LU+INT,,,,,,,,,,,
MDB,2020,C,40,,LUM,9,3,,SNS23,,33,LUM,LUM+INT,MCH,U,,,,,,,,,
MDB,2020,C,40,,LU,12,3,2,SNS93,14,33,LU+INT,LU+INT,MCH,U,,,,,,,,,
MDB,2020,C,40,,LC,7,4,4,SNE6,20,32,,LC+INT,MCH,C,,,,,,,,,
MDB,2020,C,40,,LU,12,9,6,SNC2,24,32,LU-INT,LU-INT,CR4,U,,,,,,,,,
MDB,2020,C,40,,LU,10,5,4,SNS97,18,32,LU+INT,LU+INT,MCH,U-INT,,,,,,,,,
MDB,2020,C,40,,LC,8,5,5,SNE53,12,32,LC+INT,LC+INT,CH,C,,,,,,,,,
MDB,2020,C,44,,LUM,10,7,6,SNC35,18,32,,LUM+INT,,,,,,,,,,,
MDB,2020,C,44,,LCUM,6,5,2,SNE58,12,31,LCUM,LCUM+INT,,,,,,,,,,,
MDB,2020,C,44,,LU,14,10,1,SNS52,22,32,,LU-INT,SI2,U,EROD,U,,,,,,,
MDB,2020,C,44,,LU,12,8,6,SNC2,24,33,,LU-INT,CR4,U,,,,,,,,,
MDB,2020,C,44,,LC,8,6,4,SNE28,18,32,LC+INT,LC+INT,CH,C,,,,,,,,,
MDB,2020,C,44,,LCU,13,8,5,SNE8,22,32,LC,LC+INT,,,,,,,,,,,
MDB,2020,C,44,,B,10,7,5,SNB4,8,31,,LU+INT,,,,,,,,,,,
MDB,2020,C,44,,LU,11,7,5,SNS5,26,32,,LU+INT,,,,,,,,,,,
MDB,2020,C,44,,LC,9,7,5,SNE26,22,33,LC-INT,LC+INT,,,,,,,,,,,
MDB,2020,C,38,,LUM,19,6,2,SNS23,10,33,LU,LU+INT,VPR,M,MCH,U,,,,,,,
MDB,2020,C,38,,LUM,17,7,2,SNY23,12,32,LU,LUM+INT,,,,,,,,,,,
MDB,2020,C,38,,LU,14,7,6,SNC2,18,33,,LU+INT,,,,,,,,,,,
MDB,2020,C,38,,LU,17,7,1,SNS61,26,33,,LU+INT,,,,,,,,,,,
MDB,2020,C,38,,LU,11,5,6,SNC36,28,32,LU+INT,LU+INT,MCH,U-INT,,,,,,,,,
MDB,2020,C,38,,LUM,13,10,,SNS96,,33,,LUM+INT,CH,U,,,,,,,,,
MDB,2020,C,38,,B,12,5,4,SNB12,10,32,,LU+INT,,,,,,,,,,,
MDB,2020,C,38,,LUM,12,9,2,SNS96,20,33,,LUM+INT,,,,,,,,,,,
MDB,2020,C,38,,LU,14,5,1,SNY15,12,31,LU,LU+INT,EROD,U,,,,,,,,,
MDB,2020,C,38,,LU,14,9,6,SNC31,22,33,,LU+INT,ROUGH,U,,,,,,,,,
MDB,2020,C,38,,LC,10,7,5,SNE38,18,32,LC+INT,LC+INT,MCH,C,,,,,,,,,
MDB,2020,C,42,,LC,9,7,5,SNE6,22,32,LC+INT,LC+INT,CH,C,,,,,,,,,
MDB,2020,C,42,,LC,13,6,5,SNE5,20,32,LC+INT,LC+INT,,,,,,,,,,,
MDB,2020,C,42,,LC,11,5,5,SNE5,16,33,LC+INT,LC+INT,CH,C+INT,,,,,,,,,
MDB,2020,C,42,,LC,9,6,4,SNE6,8,32,LC+INT,LC+INT,CH,C,,,,,,,,,
MDB,2020,C,42,,LU,18,9,6,SNC26,22,31,,LU-INT,CR6,U,,,,,,,,,
MDB,2020,C,42,,LC,9,6,5,SNE6,22,32,LC+INT,LC+INT,CH,C,,,,,,,,,
MDB,2020,C,42,,LU,11,6,6,SNC30,18,33,,LU-INT,CR6,U,,,,,,,,,
MDB,2020,C,42,,LU,13,10,6,SNC37,20,33,,LU-INT,EROD,U,,,,,,,,,
MDB,2020,C,42,,LUM,26,11,4,SNS99,16,31,LUM+INT,M-INT,ROUGH,UM+INT,SI2,U-INT,,,,,,,
MDB,2020,C,39,,LU,11,8,5,SNS5,24,32,LU+INT,LU+INT,,,,,,,,,,,
MDB,2020,C,39,,LU,13,10,5,SNS80,32,33,LU-INT,LU-INT,VPR,U,,,,,,,,,
MDB,2020,C,39,,LU,10,7,4,SNS5,22,32,LU+INT,LU+INT,CR6,U,,,,,,,,,
MDB,2020,C,39,,LU,13,10,6,SNC7,22,32,LU-INT,LU-INT,VPR,U,,,,,,,,,
MDB,2020,C,39,,LU,12,10,4,SNS80,28,32,LU-INT,LU+INT,EROD,U,,,,,,,,,
MDB,2020,C,39,,B,14,7,5,SNB9,8,31,,LU+INT,,,,,,,,,,,
MDB,2020,C,39,,LU,10,7,2,SNS100,16,33,LU+INT,LU+INT,MCH,U,,,,,,,,,
MDB,2020,C,39,,LUM,11,7,5,SNS96,14,32,,LUM+INT,,,,,,,,,,,
MDB,2020,C,39,,LCU,11,5,5,SNE27,24,31,,LCU+INT,CH,C-INT,SI2,L,,,,,,,
MDB,2020,C,39,,LU,10,7,2,SNS33,18,32,,LU+INT,CH,U+INT,,,,,,,,,
MDB,2020,C,39,,LU,12,8,6,SNC27,14,31,,LU+INT,,,,,,,,,,,
MDB,2020,C,39,,LU,12,5,6,SNC19,24,32,,LU+INT,CH,U-INT,,,,,,,,,
MDB,2020,C,39,,LU,10,8,4,SNS5,16,32,LU+INT,LU+INT,CH,U,,,,,,,,,
MDB,2020,C,39,,LU,12,10,5,SNS101,24,32,LU+INT,LU+INT,,,,,,,,,,,
MDB,2020,C,39,,LU,10,6,2,SNS5,16,31,,LU+INT,SI2,U,SI4,U,,,,,,,
MDB,2020,C,39,,LU,12,7,6,SNC23,24,32,,LU+INT,,,,,,,,,,,
MDB,2020,C,39,,LU,11,7,2,SNS102,16,32,LU+INT,LU+INT,,,,,,,,,,,
MDB,2020,C,39,,B,16,8,5,SNB12,10,32,,LU+INT,,,,,,,,,,,
MDB,2020,C,39,,LU,9,7,1,SNS5,20,32,,LU+INT,CH,U,,,,,,,,,
MDB,2020,C,39,,LU,11,6,1,SNS87,18,32,LU+INT,LU+INT,CH,U,,,,,,,,,
MDB,2020,C,36,,LU,17,7,1,SNS103,20,31,LU,LU+INT,CH,U,,,,,,,,,
MDB,2020,C,36,,LU,12,7,2,SNS5,20,32,LU+INT,LU+INT,CH,C,,,,,,,,,
MDB,2020,C,36,,LU,12,7,2,SNS5,22,33,LU,LU+INT,,,,,,,,,,,
MDB,2020,C,36,,LU,10,6,1,SNS96,24,32,,LU+INT,,,,,,,,,,,
MDB,2020,C,36,,B,13,8,6,SNB13,10,31,LU,LU+INT,,,,,,,,,,,
MDB,2020,C,36,,LU,11,7,5,SNS15,18,32,,LU+INT,ROUGH,U,,,,,,,,,
MDB,2020,C,36,,LU,12,7,1,SNS5,24,32,LU,LU+INT,,,,,,,,,,,
MDB,2020,C,36,,B,12,8,6,SNB14,10,32,,LU+INT,,,,,,,,,,,
MDB,2020,C,36,,LU,13,7,5,SNS24,18,33,,LU+INT,,,,,,,,,,,
MDB,2020,C,48,,LU,19,8,6,SNC38,26,33,,LU+INT,ROUGH,U,,,,,,,,,
MDB,2020,C,48,,LUM,17,9,1,SNS104,22,33,,LU+INT,,,,,,,,,,,
MDB,2020,C,48,,LC,10,6,4,SNE26,12,33,LC+INT,LC+INT,,,,,,,,,,,
MDB,2020,C,48,,LU,12,9,2,SNS83,20,32,LU+INT,LU+INT,EROD,U,SI2,L,,,,,,,
MDB,2020,C,48,,LU,8,7,1,SNS105,14,31,,LU+INT,MCH,U,,,,,,,,,
MDB,2020,C,48,,LUM,11,7,2,SNS106,12,33,LUM,LUM+INT,CH,U,,,,,,,,,
MDB,2020,C,48,,LU,12,7,1,SNS5,14,33,LU,LU+INT,,,,,,,,,,,
MDB,2020,C,31,,LU,11,7,1,SNS5,16,32,LU,LU+INT,CH,U,,,,,,,,,
MDB,2020,C,33,,LU,7,5,,SNS5,,32,,LU+INT,,,,,,,,,,,
MDB,2020,C,30,,LU,12,7,6,SNC24,24,32,,LU+INT,ROUGH,U,,,,,,,,,
MDB,2020,C,30,,LU,13,8,1,SNS102,18,32,LU+INT,LU+INT,CH,U,,,,,,,,,
MDB,2020,C,30,,LU,12,7,6,SNC24,16,32,LU+INT,LU+INT,,,,,,,,,,,
MDB,2020,C,30,,LU,12,7,6,SNC4,18,31,,LU+INT,ROUGH,U,,,,,,,,,
MDB,2020,C,30,,LU,14,9,6,SNC18,10,32,,LU+INT,,,,,,,,,,,
MDB,2020,C,30,,LU,15,8,6,SNC4,16,32,,LU+INT,,,,,,,,,,,
MDB,2020,C,30,,LU,13,5,4,SNS5,22,32,,LU+INT,,,,,,,,,,,
MDB,2020,C,30,,LU,11,5,2,SNS107,20,32,U,LU+INT,,,,,,,,,,,
MDB,2020,C,30,,B,18,7,6,SNB15,10,32,LUM+INT,LUM+INT,,,,,,,,,,,
MDB,2020,C,45,,LU,9,6,4,SNS108,16,32,LU-INT,LU-INT,CR4,U,,,,,,,,,
MDB,2020,C,45,,LU,11,6,1,SNS5,20,32,LU,LU+INT,,,,,,,,,,,
MDB,2020,C,45,,LU,11,6,6,SNC24,18,32,,LU+INT,ROUGH,U,,,,,,,,,
MDB,2020,C,45,,LU,9,6,4,SNS5,20,32,LU+INT,LU+INT,,,,,,,,,,,
MDB,2020,C,45,,B,15,10,6,SNB15,8,32,,LU+INT,,,,,,,,,,,
MDB,2020,C,45,,B,16,10,6,SNB4,8,32,,LU+INT,,,,,,,,,,,
MDB,2020,C,45,,LC,10,6,4,SNE26,12,32,LC+INT,LC+INT,,,,,,,,,,,
MDB,2020,C,45,,LU,6,4,1,SNS5,18,31,LU,LU,CH,U,,,,,,,,,
MDB,2020,C,45,,LU,8,5,6,SNC39,12,32,,LU+INT,,,,,,,,,,,
MDB,2020,C,49,,LU,12,7,1,SNS5,16,33,LU,LU+INT,,,,,,,,,,,
MDB,2020,C,49,,LU,12,7,1,SNS33,10,32,,LU+INT,MCH,U,,,,,,,,,
MDB,2020,C,49,,LUM,15,7,5,SNC4,26,32,,LU+INT,CR6,UM,,,,,,,,,
MDB,2020,C,49,,LC,8,5,4,SNE6,16,32,LC+INT,LC+INT,CH,C,,,,,,,,,
MDB,2020,C,49,,LU,12,7,5,SNE41,28,33,LC-INT,LC+INT,CH,C,,,,,,,,,
MDB,2020,C,49,,B,17,7,5,SNB16,10,32,,LU+INT,,,,,,,,,,,
MDB,2020,C,41A,,LCU,17,5,5,SNE61,16,33,LCU+INT,LCU+INT,CH,C,,,,,,,,,
MDB,2020,C,41A,,LCU,9,7,5,SNE47,14,33,,LC+INT,VPR,U,,,,,,,,,
MDB,2020,C,41A,,LUM,15,9,4,SNS90,30,33,LUM-INT,LUM-INT,CR4,UM,,,,,,,,,
MDB,2020,C,41A,,LC,13,5,4,SNE61,18,32,LC+INT,LC+INT,MCH,C,,,,,,,,,
MDB,2020,C,41A,,LU,13,6,1,SNS56,12,32,LU+INT,LU+INT,MCH,U,,,,,,,,,
MDB,2020,C,41A,,LCU,9,6,5,SNE60,12,31,,LC+INT,VPR,U,,,,,,,,,
MDB,2020,C,41A,,LC,10,7,5,SNE26,12,32,LC+INT,LC+INT,MCH,C,,,,,,,,,
MDB,2020,C,41A,,LUM,7,5,2,SNS110,16,32,,LUM+INT,CH,U+M,,,,,,,,,
MDB,2020,C,41A,,LUM,8,5,2,SNS109,10,32,LUM+INT,LUM+INT,MCH,UM,,,,,,,,,
MDB,2020,C,41A,,LC,8,6,4,SNE37,14,32,,LU+INT,,,,,,,,,,,
MDB,2020,C,41A,,LU,13,6,5,SNS5,20,33,,LU+INT,,,,,,,,,,,
MDB,2020,C,41A,,LU,8,6,1,SNS111,32,32,LU+INT,LU+INT,,,,,,,,,,,
MDB,2020,C,41A,,LU,8,6,6,SNC36,22,32,LU+INT,LU+INT,,,,,,,,,,,
MDB,2020,C,43,,LCU,14,8,5,SNE27,20,31,LCU+INT,LCU+INT,CH,U,,,,,,,,,
MDB,2020,C,42,,LU,9,7,1,SNS112,14,31,LU+INT,LU+INT,MCH,U,,,,,,,,,
MDB,2020,C,35,,LU,9,7,4,SNS5,24,32,LU+INT,LU+INT,CH,U,,,,,,,,,
MDB,2020,C,35,,LU,9,6,1,SNS5,14,32,LU+INT,LU+INT,CH,U,,,,,,,,,
MDB,2020,C,35,,LU,10,7,5,SNS108,24,32,LU+INT,LU+INT,,,,,,,,,,,
MDB,2020,C,35,,LU,13,9,5,SNS80,18,33,LU-INT,LU+INT,,,,,,,,,,,
MDB,2020,C,35,,LU,8,5,2,SNS92,14,32,LU+INT,LU+INT,,,,,,,,,,,
MDB,2020,C,42C,,LU,12,8,5,SNS80,20,33,,LU-INT,CR4,U,,,,,,,,,
MDB,2020,C,42C,,B,12,5,6,SNB11,6,32,,LU+INT,,,,,,,,,,,
MDB,2020,C,41B,,LUM,12,8,3,SNS61,18,33,LU,LU+INT,CR4,UM,,,,,,,,,
MDB,2020,C,41B,,LU,13,7,2,SNS1O3,16,31,LU+INT,LU+INT,MCH,U,,,,,,,,,
MDB,2020,C,41B,,LC,12,6,5,SNE5,18,31,LC+INT,LC+INT,CH,C,,,,,,,,,
MDB,2020,C,41B,,LU,10,4,,SNS15,,33,,LU+INT,,,,,,,,,,,
MDB,2020,C,41B,,LU,13,8,5,SNS80,22,32,,LU+INT,,,,,,,,,,,
MDB,2020,C,41B,,LU,10,7,5,SNS113,18,33,LU+INT,LU+INT,,,,,,,,,,,
MDB,2020,C,47,,LCU,24,7,5,SNE62,18,31,LCU+INT,LCU+INT,,,,,,,,,,,
MDB,2020,C,47,,LUM,6,4,2,SNS57,12,32,,LU+INT,CR6,UM,,,,,,,,,
MDB,2020,C,47,,LUM,7,6,2,SNS57,,32,,LUM-INT,,,,,,,,,,,
MDB,2020,C,47,,LU,8,5,4,SNS7,18,32,,LU+INT,,,,,,,,,,,
MDB,2020,C,34,,LUM,13,10,3,SNS114,16,32,LU+INT,LU+INT,VPR,UM,,,,,,,,,
MDB,2020,C,34,,LUM,16,8,2,SNS57,22,31,LU+INT,LU+INT,ROUGH,UM,,,,,,,,,
MDB,2020,C,34,,LUM,10,7,6,SNC16,8,33,,LU+INT,,,,,,,,,,,
MDB,2020,C,34,,LC,11,7,5,SNE16,12,32,LC+INT,LC+INT,,,,,,,,,,,
MDB,2020,C,34,,B,11,8,6,SNB2,8,31,,LU+INT,,,,,,,,,,,
MDB,2020,C,34,,LU,12,9,2,SNS97,26,32,LU+INT,LU+INT,,,,,,,,,,,
MDB,2020,C,34,,LU,10,6,1,SNS6,22,31,LU+INT,LU+INT,,,,,,,,,,,
MDB,2020,C,34,,LU,10,8,1,SNS87,14,32,LU+INT,LU+INT,,,,,,,,,,,
MDB,2020,C,32,,LU,10,7,1,SNS11,14,33,LU,LU+INT,MCH,U,,,,,,,,,
MDB,2020,C,32,,LUM,12,7,2,SNS115,16,32,LUM+INT,LUM+INT,MCH,U,,,,,,,,,
MDB,2020,C,32,,B,18,9,6,SNB4,8,32,,LU+INT,,,,,,,,,,,
MDB,2020,C,53,,LCUM,6,4,4,SNE63,10,32,,LCUM+INT,,,,,,,,,,,
MDB,2020,C,53,,LCU,7,4,4,SNE63,20,32,,LCU-INT,CR2,U,,,,,,,,,
MDB,2018,B,9,,LUM,10,7,2,SNY5,10,32,LU+INT,LU+INT,CR4,M,,,,,,,,,
MDB,2018,B,9,,LCU,15,10,5,SNE24,12,31,LCU+INT,LCU+INT,CH,U,,,,,,,,,
MDB,2018,B,9,,LUM,10,7,6,SNY4,18,32,LUM+INT,LU+INT,CR4,UM,CH,U,,,,,,,
MDB,2018,B,9,,LUM,12,9,5,SNS11,32,33,LUM+INT,LU+INT,VPR,UM,,,,,,,,,
MDB,2018,B,9,,LUM,12,11,4,SNS33,24,32,LUM,LU+INT,CR4,UM,CH,U,,,,,,,
MDB,2018,B,9,,LUM,10,7,6,SNS15,20,31,LUM+INT,LU+INT,CR4,UM,MCH,U,PW,U,,,,,
MDB,2018,B,9,,LCU,13,6,5,SNE32,34,32,,LU+INT,CR,M,MCH,U-INT,,,,,,,
MDB,2018,B,9,,LUM,16,12,2,SNS11,20,31,LUM,LU+INT,CR4,UM,CH,U,,,,,,,
MDB,2018,B,9,,LCU,12,10,4,SNE12,24,31,LCU+INT,LCU+INT,CR4,U,,,,,,,,,
MDB,2018,B,9,,LCM,15,8,5,SNE12,8,32,LCU+INT,LCU+INT,,,,,,,,,,,
MDB,2018,B,9,,LU,14,8,2,SNS11,24,31,L+INT,LU+INT,,,,,,,,,,,
MDB,2018,B,9,,LU,13,8,4,SNE26,8,33,LU+INT,LU+INT,,,,,,,,,,,
MDB,2018,B,9,,LUM,13,7,5,SNS11,24,32,LUM+INT,LU+INT,CR4,UM,,,,,,,,,
MDB,2018,B,9,,LU,15,9,1,SNS11,28,31,LU+INT,LU+INT,ROUGTH,U,,,,,,,,,
MDB,2018,B,9,,LU,15,6,3,SNS54,20,32,LU+INT,LU+INT,,,,,,,,,,,
MDB,2018,B,9,,LU,11,8,4,SNS15,14,32,LU+INT,LU+INT,CR4,U,PW,U,SI2,U,,,,,
MDB,2018,B,9,,LUM,13,8,2,SNS11,26,31,LU+INT,LU+INT,ROUGTH,UM,,,,,,,,,
MDB,2018,B,9,,LUM,14,9,2,SNS11,18,31,LU+INT,LU+INT,MCH,U,CR4,U,,,,,,,
MDB,2018,B,9,,LU,14,20,4,SNT6,26,31,LU+INT,LU+INT,CR8,U,,,,,,,,,
MDB,2018,B,9,,LUM,16,10,1,SNY11,20,32,LU+INT,LU+INT,EROD,UM,,,,,,,,,
MDB,2018,B,9,,LU,14,8,1,SNY5,12,32,LU+INT,LU+INT,CR4,U,,,,,,,,,
MDB,2018,B,9,,B,19,9,5,SNB4,10,31,LU+INT,LU+INT,,,,,,,,,,,
MDB,2018,B,9,,LU,20,10,2,SNS11,24,31,,LU+INT,,,,,,,,,,,
MDB,2018,B,9,,LUM,17,10,1,N8,22,32,LU+INT,LUM+INT,CR4,M,,,,,,,,,
MDB,2018,B,9,,LUM,25,12,3,SNS44,30,32,,LU+INT,CR4,M,CH,M,,,,,,,
MDB,2018,B,9,,LU,15,10,5,SNS54,20,32,,LU+INT,CH,U-INT,,,,,,,,,
MDB,2018,B,9,,LC,13,8,5,SNE9,10,31,LC+INT,LC+INT,,,,,,,,,,,
MDB,2018,B,9,,LCU,10,7,4,SNE33,18,33,LCU+INT,LCU+INT,CR4,U,MCH,U-INT,,,,,,,
MDB,2018,B,9,,LCU,13,9,5,SNE26,14,31,LCU+INT,LCU+INT,CH,U,,,,,,,,,
MDB,2018,B,9,,LU,15,8,6,SNC1,26,32,LU-INT,LU+INT,ROUGTH,U,,,,,,,,,
MDB,2018,B,9,,LC,14,8,4,SNE33,28,32,,LC+INT,MCH,C,,,,,,,,,
MDB,2018,B,9,,LU,9,7,6,SNC1,16,31,LU+INT,LU+INT,ROUGTH,,,,,,,,,,
MDB,2018,B,9,,LU,12,8,1,SNS5,26,32,LU,LU+INT,CH,U,,,,,,,,,
MDB,2018,B,9,,LU,15,7,1,SNY5,16,32,LU+INT,LU+INT,CR4,U,,,,,,,,,
MDB,2018,B,9,,LU,10,9,4,SNS35,26,32,LU+INT,LU+INT,CR4,U,MCH,U,PE3,U,,,,,
MDB,2018,B,9,,LU,14,8,1,SNS55,16,32,LU+INT,LU+INT,CR4,U,,,,,,,,,
MDB,2018,B,9,,LU,15,7,2,N8,24,32,LU,LU+INT,VPR,U,,,,,,,,,
MDB,2018,B,9,,LU,15,9,1,SNS44,18,31,LU,LU+INT,,,,,,,,,,,
MDB,2018,B,9,,LU,15,6,1,SNY3,26,32,LU,LU+INT,MCH,U,,,,,,,,,
MDB,2018,B,9,,LU,20,12,1,SNY5,20,33,LU,LU+INT,CR4,U,,,,,,,,,
MDB,2018,B,9,,LC,16,8,5,SNE9,30,31,LU+INT,LU+INT,CH,U,,,,,,,,,
MDB,2018,B,9,,LU,19,7,2,SNY5,26,31,LU,LU+INT,,,,,,,,,,,
MDB,2018,B,9,,LU,10,6,1,SNS5,14,32,LU+INT,LU+INT,,,,,,,,,,,
MDB,2018,B,9,,LU,12,10,6,SNC4,22,32,,LU+INT,ROUGTH,U,CR8,U,,,,,,,
MDB,2018,B,9,,LUM,9,6,2,SNS5,18,31,LUM,LU+INT,MCH,UM,EROD,U,,,,,,,
MDB,2018,B,9,,LU,10,8,6,SNC4,14,31,,LU+INT,,,,,,,,,,,
MDB,2018,B,9,,LU,12,7,2,SNS11,10,32,LU,LU+INT,CH,U,,,,,,,,,
MDB,2018,B,9,,LU,12,7,4,SNS5,24,32,,LU+INT,,,,,,,,,,,
MDB,2018,B,9,,LU,10,6,2,SNS5,8,32,LU+INT,LU+INT,,,,,,,,,,,
MDB,2018,B,9,,LU,20,15,4,SNS2,18,31,LU,LU+INT,CH,U,CR4,U,,,,,,,
MDB,2018,B,9,,LC,12,10,4,SNE6,10,32,LU+INT,LU+INT,,,,,,,,,,,
MDB,2018,B,9,,LC,12,7,4,SNE5,10,31,LC+INT,LC+INT,MCH,LC,,,,,,,,,
MDB,2018,B,9,,LU,16,7,1,SNS46,26,32,LU+INT,LU+INT,CH,U,CR4,U,,,,,,,
MDB,2018,B,9,,LCU,15,4,5,SNE34,30,31,LU+INT,LU+INT,,,,,,,,,,,
MDB,2018,B,9,,LU,15,10,2,SNS11,20,32,,,,,,,,,,,,,
MDB,2018,B,9,,LU,12,7,5,SNS5,26,32,LU+INT,LU+INT,MCH,U,PE3,U,,,,,,,
MDB,2018,B,9,,LU,15,6,1,SNY5,28,31,LU,LU+INT,CR4,U,,,,,,,,,
MDB,2018,B,9,,LU,16,10,6,SNC13,26,31,,LU+INT,EROD,U,,,,,,,,,
MDB,2018,B,9,,LU,10,5,,SNS9,,31,,LU+INT,MCH,U,CR2,U,,,,,,,
MDB,2018,B,9,,LU,13,14,1,SNS27,12,31,LU,LU+INT,CH,U,,,,,,,,,
MDB,2018,B,9,,LU,15,8,5,SNS15,18,31,LU,LU+INT,,,,,,,,,,,
MDB,2018,B,9,,Lc,14,8,4,SNE9,10,31,LC+INT,LC+INT,,,,,,,,,,,
MDB,2018,B,9,,LU,11,6,5,SNC1,10,32,LU-INT,LU+INT,,,,,,,,,,,
MDB,2018,B,9,,LU,16,7,1,SNS6,18,32,LU,LU+INT,CH,U,,,,,,,,,
MDB,2018,B,9,,LU,24,20,3,SNS1,30,33,LU,LU+INT,CH,U,EROD,U,,,,,,,
MDB,2018,B,9,,LU,15,11,4,SNS50,18,32,LU+INT,LU+INT,CR8,U,,,,,,,,,
MDB,2018,B,9,,LU,17,7,1,SNY12,20,32,,LU+INT,MCH,U,EROD,U,,,,,,,
MDB,2018,B,9,,LU,12,9,3,SNS51,22,32,LU+INT,LU+INT,,,,,,,,,,,
MDB,2018,B,21,,LCU,12,9,6,SNC4,28,32,,LU+INT,ROUGH,U,,,,,,,,,
MDB,2018,B,21,,LUM,14,10,2,SNS11,18,31,LU+INT,LU+INT,MCH,U,CR4,UM,,,,,,,
MDB,2018,B,21,,LUM,21,7,1,N8,28,32,LU,LU+INT,CH,U,CR4,UM,,,,,,,
MDB,2018,B,21,,LUM,16,10,1,SNY13,28,32,LU,LU+INT,CR4,UM,,,,,,,,,
MDB,2018,B,21,,LU,14,7,1,SNS11,26,32,LU+INT,LU+INT,CR4,U,,,,,,,,,
MDB,2018,B,21,,LUM,16,7,1,SNY4,22,32,LU,LU+INT,CR4,UM,,,,,,,,,
MDB,2018,B,21,,LUM,16,8,2,SNS9,22,31,LU,LU+INT,CR4,UM,MCH,UM,,,,,,,
MDB,2018,B,21,,LU,18,8,5,SNY4,20,32,LU+INT,LU+INT,EROD,U,,,,,,,,,
MDB,2018,B,21,,LUM,7,5,5,SNS56,10,32,LU+INT,LU-INT,CR6,UM,PE3,UM,,,,,,,
MDB,2018,B,21,,B,25,8,5,SNB9,12,32,LU+INT,LU+INT,,,,,,,,,,,
MDB,2018,B,21,,LUM,15,10,2,SNS57,30,32,LU+INT,LU+INT,CH,U,CR,UM,,,,,,,
MDB,2018,B,21,,LUM,16,18,3,SNS28,16,32,,LU+INT,CR4,U,MCH,UM,,,,,,,
MDB,2018,B,21,,LU,9,5,4,SNS56,10,32,L+INT,LU+INT,EROD,U,MCH,UM,,,,,,,
MDB,2018,B,21,,LU,30,7,2,SNY14,22,32,U,LU+INT,EROD,U,,,,,,,,,
MDB,2018,B,21,,LUM,32,8,3,SNY14,14,32,UM,LU+INT,EROD,UM,CH,U,,,,,,,
MDB,2018,B,21,,LUM,19,6,2,SNS57,20,32,LU,LU+INT,,,,,,,,,,,
MDB,2018,B,21,,LU,18,8,2,SNS57,18,32,LU+INT,LU+INT,CH,U,,,,,,,,,
MDB,2018,B,21,,LUM,14,9,4,SNS17,18,32,LU+INT,LU+INT,MCH,UM,,,,,,,,,
MDB,2018,B,21,,LU,20,8,1,SNSY14,24,32,LU,LU+INT,,,,,,,,,,,
MDB,2018,B,21,,LUM,15,8,2,,24,33,LU+INT,LU+INT,CR4,UM,,,,,,,,,
MDB,2018,B,21,,LU,18,10,4,SNS11,26,32,LU,LU+INT,CR4,U,,,,,,,,,
MDB,2018,B,21,,LU,18,11,4,SNS50,24,33,,LU+INT,CR6,U,,,,,,,,,
MDB,2018,B,21,,LU,15,17,3,SNS26,,31,,LU+INT,CR4,U,CH,U,,,,,,,
MDB,2018,B,21,,LU,20,11,2,SNS58,24,31,LU+INT,LU+INT,,,,,,,,,,,
MDB,2018,B,21,,LCU,17,11,4,SNE35,26,32,LC+INT,LC+INT,EROD,U,,,,,,,,,
MDB,2018,B,21,,LCU,20,7,5,SNE20,10,32,LC+INT,LC+INT,,,,,,,,,,,
MDB,2018,B,14,,LCU,15,7,5,SNE20,18,33,,LC+INT,CR4,U,,,,,,,,,
MDB,2018,B,14,,LU,18,19,1,SNS27,24,32,LU+INT,LU+INT,VPR,U,,,,,,,,,
MDB,2018,B,14,,LUM,17,8,5,SNS59,30,32,LUM+INT,LUM-INT,CR4,UM,,,,,,,,,
MDB,2018,B,14,,LUM,10,7,5,SNC59,20,33,LUM+INT,LUM+INT,ROUGH,UM,,,,,,,,,
MDB,2018,B,14,,LU,20,7,2,SNY14,24,32,LU+INT,LU+INT,CR4,U,,,,,,,,,
MDB,2018,B,14,,LC,15,9,5,SNE20,14,32,LC+INT,LC+INT,MCH,LC,,,,,,,,,
MDB,2018,B,14,,LUM,18,9,2,SNS8,36,32,LUM+INT,LUM+INT,CH,U,CR4,UM,,,,,,,
MDB,2018,B,14,,LU,14,8,1,SNY5,22,31,LU+INT,LU+INT,CR4,U,,,,,,,,,
MDB,2018,B,14,,LUM,14,7,4,SNS15,18,24,LU+INT,LUM+INT,ROUGH,UM,,,,,,,,,
MDB,2018,B,14,,LU,15,15,3,SNS29,16,32,LU,LU+INT,CR6,U,,,,,,,,,
MDB,2018,B,14,,LU,11,7,2,SNS5,8,32,LU+INT,LU+INT,MCH,U,,,,,,,,,
MDB,2018,B,14,,LU,15,7,2,SNS5,14,32,LU,LU+INT,CH,U,,,,,,,,,
MDB,2018,B,14,,LU,16,7,1,SNS36,20,32,LU,LU+INT,MCH,U,,,,,,,,,
MDB,2018,B,14,,LU,13,10,4,SNS31,20,31,LU+INT,LU+INT,CH,U,CR4,U,CH,U-INT,,,,,
MDB,2018,B,14,,B,15,7,6,SNB9,10,32,,LU+INT,CH,L,,,,,,,,,
MDB,2018,B,14,,LC,11,8,4,SNE9,18,32,LC+INT,LC+INT,,,,,,,,,,,
MDB,2018,B,14,,LU,11,9,2,SNS60,18,32,LU,LU+INT,CH,U,CR4,U,,,,,,,
MDB,2018,B,14,,LU,11,15,2,SNS61,30,31,LU,LU+INT,CR8,U,,,,,,,,,
MDB,2018,B,14,,LU,10,8,6,SNC2,22,32,LU+INT,LU+INT,ROUGH,U,,,,,,,,,
MDB,2018,B,14,,LC,12,7,6,SNE9,14,32,LU+INT,LU+INT,CH,U,,,,,,,,,
MDB,2018,B,14,,LU,15,18,3,SNT2,14,32,L,LU-INT,CR6,U,,,,,,,,,
MDB,2018,B,14,,LU,15,10,6,SNC7,20,32,LU+INT,LU+INT,ROUGH,U,,,,,,,,,
MDB,2018,B,14,,LU,13,7,5,SNS15,30,32,LU+INT,LU+INT,ROUGH,U,,,,,,,,,
MDB,2018,B,14,,LU,15,13,4,SNS61,26,31,LU+INT,LU-INT,CR,U,,,,,,,,,
MDB,2018,B,14,,LU,17,6,6,SNC14,8,32,,LU+INT,ROUGH,U,,,,,,,,,
MDB,2018,B,14,,LU,15,10,4,SNS61,24,32,LU+INT,LU+INT,,,,,,,,,,,
MDB,2018,B,14,,B,26,9,5,SNB4,10,31,LU+INT,LU+INT,,,,,,,,,,,
MDB,2018,B,14,,LUM,13,7,5,SNS15,22,32,LU-INT,LU+INT,ROUGH,U,,,,,,,,,
MDB,2018,B,14,,LC,12,8,4,SNE26,20,32,LC+INT,LC+INT,,,,,,,,,,,
MDB,2018,B,14,,LC,15,6,5,SNE36,42,32,LC+INT,LC+INT,MCH,LC+INT,,,,,,,,,
MDB,2018,B,14,,LU,11,11,4,SNS62,20,32,,LU+INT,,,,,,,,,,,
MDB,2018,B,14,,LU,15,8,2,SNS36,22,32,,LU+INT,,,,,,,,,,,
MDB,2018,B,14,,LU,15,8,4,SNS15,26,32,LU+INT,LU+INT,,,,,,,,,,,
MDB,2018,B,14,,LU,11,6,2,SNS5,18,32,LU+INT,LU+INT,CH,U,,,,,,,,,
MDB,2018,B,14,,LU,13,7,4,SNS5,24,32,,LU+INT,,,,,,,,,,,
MDB,2018,B,14,,LC,10,6,5,SNE6,12,31,LC+INT,LC+INT,CH,C,,,,,,,,,
MDB,2018,B,14,,LU,18,7,1,SNY8,14,32,LU+INT,LU+INT,CR4,U,,,,,,,,,
MDB,2018,B,14,,B,15,8,6,SNB5,12,31,,LU+INT,,,,,,,,,,,
MDB,2018,B,14,,LU,10,6,4,SNS5,14,32,LU+INT,LU+INT,,,,,,,,,,,
MDB,2018,B,14,,LU,13,9,5,SNS57,16,31,LU+INT,LU+INT,,,,,,,,,,,
MDB,2018,B,14,,LU,13,8,4,SNS7,24,31,LU-INT,LU+INT,ROUGH,U,,,,,,,,,
MDB,2018,B,14,,LU,15,8,5,SNS63,22,32,,LU+INT,,,,,,,,,,,
MDB,2018,B,7,,LUM,22,7,1,SNY3,12,33,LU,LU+INT,CR4,UM,,,,,,,,,
MDB,2018,B,7,,LUM,15,8,3,SNS57,14,32,LU,LU+INT,CR4,UM,MCH,UM,,,,,,,
MDB,2018,B,7,,LUM,20,9,5,SNS8,26,31,LU,LU+INT,CR,U,MCH,UM,,,,,,,
MDB,2018,B,7,,LUM,14,8,1,SNS8,32,32,LU+INT,LU+INT,CR4,UM,,,,,,,,,
MDB,2018,B,7,,LU,13,8,4,SNS7,20,31,LU-INT,LU+INT,ROUGH,U,,,,,,,,,
MDB,2018,B,7,,LU,22,9,1,SNY5,24,31,LU,LU+INT,CR4,U,,,,,,,,,
MDB,2018,B,7,,LU,12,12,5,SNS15,20,32,,LU+INT,,,,,,,,,,,
MDB,2018,B,7,,LU,15,6,1,SNY5,16,31,LU,LU+INT,CR4,U,,,,,,,,,
MDB,2018,B,7,,LU,11,19,2,SNY15,14,32,LU+INT,LU+INT,CR4,U,,,,,,,,,
MDB,2018,B,7,,LU,15,10,4,SNS11,24,31,LU+INT,LU+INT,ROUGH,U,,,,,,,,,
MDB,2018,B,7,,LU,26,10,1,SNY4,18,32,LU+INT,LU+INT,CR4,U,,,,,,,,,
MDB,2018,B,7,,LU,14,8,6,SNC15,16,32,,LU+INT,,,,,,,,,,,
MDB,2018,B,7,,LU,12,8,2,SNS5,20,32,LU+INT,LU+INT,CR4,U,MCH,U,,,,,,,
MDB,2018,B,7,,LUM,23,8,1,SNY2,14,32,LUM+INT,LU+INT,EROD,M,,,,,,,,,
MDB,2018,B,7,,LCU,9,6,5,SNE8,16,31,LC+INT,LCU+INT,,,,,,,,,,,
MDB,2018,B,7,,LUM,14,9,1,SNS64,16,32,LUM+INT,LU+INT,CR4,M,MCH,UM,,,,,,,
MDB,2018,B,7,,LU,15,8,5,SNS15,32,32,,LU+INT,CR4,U,ROUGH,,,,,,,,
MDB,2018,B,7,,LU,12,9,4,SNS5,18,32,,LU+INT,VPR,U,,,,,,,,,
MDB,2018,B,7,,LU,15,9,6,SNC10,24,32,LU-INT,LU+INT,CR6,U,,,,,,,,,
MDB,2018,B,7,,LU,11,8,6,SNC16,12,32,,LU+INT,,,,,,,,,,,
MDB,2018,B,7,,LU,18,10,2,SNS11,36,32,LU+INT,LU+INT,CR4,U,,,,,,,,,
MDB,2018,B,7,,LC,14,8,5,SNE6,16,32,LC+INT,LC+INT,CH,C,,,,,,,,,
MDB,2018,B,7,,LC,10,4,4,SNE9,18,32,LC+INT,LC+INT,,,,,,,,,,,
MDB,2018,B,7,,LC,11,9,5,SNE26,22,32,LC+INT,LC+INT,,,,,,,,,,,
MDB,2018,B,7,,LC,9,7,4,SNE37,30,32,LC,LC+INT,,,,,,,,,,,
MDB,2018,B,7,,LU,18,11,6,SNC17,24,32,LU-INT,LU+INT,CR4,U,,,,,,,,,
MDB,2018,B,7,,LU,13,7,4,SNS15,16,32,,LU+INT,ROUGH,U,,,,,,,,,
MDB,2018,B,7,,LU,11,8,6,SNC18,24,31,LU+INT,LU+INT,,,,,,,,,,,
MDB,2018,B,7,,LU,14,8,1,SNS11,18,32,LU+INT,LU+INT,,,,,,,,,,,
MDB,2018,B,7,,LU,14,9,1,SNS65,30,32,LU+INT,LU+INT,,,,,,,,,,,
MDB,2018,B,7,,LC,11,8,5,SNE38,14,32,LU+INT,LU+INT,,,,,,,,,,,
MDB,2018,B,7,,LU,11,7,6,SNC2,22,32,LU-INT,LU+INT,,,,,,,,,,,
MDB,2018,B,7,,B,18,10,5,SNB4,10,32,LU+INT,LU+INT,,,,,,,,,,,
MDB,2018,B,7,,LU,16,9,6,SNC1,10,31,LU-INT,LU+INT,,,,,,,,,,,
MDB,2018,B,7,,LU,12,8,1,SNS66,16,32,,LU+INT,,,,,,,,,,,
MDB,2018,B,7,,LU,12,10,2,SNS33,18,32,LU+INT,LU+INT,CR4,U,,,,,,,,,
MDB,2018,B,7,,B,14,8,4,SNB2,18,32,LU+INT,LU+INT,,,,,,,,,,,
MDB,2018,B,7,,LUM,10,6,2,SNS56,12,31,LUM+INT,LUM+INT,CR4,M,MCH,UM,,,,,,,
MDB,2018,B,7,,LU,13,8,1,SNS67,20,33,LU+INT,LU+INT,CH,U,,,,,,,,,
MDB,2018,B,7,,LU,14,6,6,SNC19,22,32,,LU+INT,ROUGH,U,,,,,,,,,
MDB,2018,B,7,,LU,12,5,5,SNS50,20,32,,LU+INT,,,,,,,,,,,
MDB,2018,B,7,,LUM,19,7,1,SNY5,14,32,LUM+INT,LUM+INT,CR6,UM,,,,,,,,,
MDB,2018,B,7,,LUM,12,8,5,SNS57,18,32,LUM+INT,LUM+INT,MCH,U,CR4,UM,,,,,,,
MDB,2018,B,7,,LC,13,6,4,SNE9,28,32,LU+INT,LU+INT,,,,,,,,,,,
MDB,2018,B,7,,LU,10,7,4,SNS5,16,32,LU,LU+INT,MCH,U,,,,,,,,,
MDB,2018,B,7,,LU,11,7,2,SNS7,18,32,LC,L+INT,CH,U,,,,,,,,,
MDB,2018,B,7,,LC,10,9,5,SNE37,12,32,LC,LC+INT,,,,,,,,,,,
MDB,2018,B,7,,LU,14,8,1,SNS46,16,32,LU+INT,LU+INT,,,,,,,,,,,
MDB,2018,B,7,,LCU,13,6,5,SNE33,16,32,LC+INT,LC+INT,CH,U-INT,CR,U,,,,,,,
MDB,2018,B,7,,LC,10,8,4,SNE37,18,31,LC+INT,LC+INT,,,,,,,,,,,
MDB,2018,B,7,,LC,10,8,5,SNE37,12,32,LC+INT,LC+INT,,,,,,,,,,,
MDB,2018,B,7,,LU,12,8,6,SNC17,18,32,LU+INT,LU+INT,,,,,,,,,,,
MDB,2018,B,7,,LU,12,8,4,SNS50,24,32,LU+INT,LU+INT,CH,U,,,,,,,,,
MDB,2018,B,7,,B,17,9,5,SNB7,12,32,LU,LU+INT,,,,,,,,,,,
MDB,2018,B,7,,LU,14,12,,SNS65,,32,,LU+INT,,,,,,,,,,,
MDB,2018,B,7,,LC,12,8,5,SNE21,12,32,LU+INT,LU+INT,,,,,,,,,,,
MDB,2018,B,7,,LU,20,14,2,SNS68,10,32,LU+INT,LU+INT,EROD,U,,,,,,,,,
MDB,2018,B,1,,LUM,21,10,4,SNS69,22,32,,LUM+INT,CH,U-INT,EROD,UM,,,,,,,
MDB,2018,B,1,,LU,17,12,6,SNC20,30,32,LU+INT,LU+INT,,,,,,,,,,,
MDB,2018,B,1,,LU,12,7,1,SNS20,22,32,LU+INT,LU+INT,,,,,,,,,,,
MDB,2018,B,1,,LUM,11,6,2,SNS5,26,32,,LUM+INT,CR6,UM,,,,,,,,,
MDB,2018,B,1,,B,15,7,5,SNB3,8,32,,LU+INT,,,,,,,,,,,
MDB,2018,B,1,,LU,12,5,6,SNS5,18,32,LU,LU+INT,,,,,,,,,,,
MDB,2018,B,1,,LU,12,10,4,SNS70,20,32,LU+INT,LU+INT,CR4,U,CH,U,,,,,,,
MDB,2018,B,1,,LU,12,8,6,SNC21,10,32,,LU+INT,,,,,,,,,,,
MDB,2018,B,1,,LC,8,5,5,SNE39,8,32,,LC+INT,,,,,,,,,,,
MDB,2018,B,1,,LU,13,6,2,SNS57,30,32,LU+INT,LU+INT,EROD,U,CH,U,,,,,,,
MDB,2018,B,1,,LU,18,16,1,SNS71,24,32,LU,LU+INT,CR6,U,,,,,,,,,
MDB,2018,B,1,,LU,16,9,6,SNC21,18,32,LU+INT,LU+INT,CR,U,,,,,,,,,
MDB,2018,B,1,,LUM,24,8,1,SNY16,18,33,LU,LU+INT,CR4,M,,,,,,,,,
MDB,2018,B,1,,LU,9,8,2,SNS56,12,32,LU+INT,LU+INT,CH,U,,,,,,,,,
MDB,2018,B,1,,LC,13,10,5,SNE37,26,32,LC-INT,LU+INT,,,,,,,,,,,
MDB,2018,B,1,,LU,13,9,6,SNC15,24,32,,LU+INT,,,,,,,,,,,
MDB,2018,B,1,,LU,17,10,2,SNS58,,31,LU+INT,LU+INT,,,,,,,,,,,
MDB,2018,B,1,,LC,10,8,5,SNE37,14,32,LC+INT,LC+INT,CH,C,,,,,,,,,
MDB,2018,B,1,,LU,10,6,6,SNC13,16,32,,LU+INT,,,,,,,,,,,
MDB,2018,B,1,,LU,11,7,5,SNS5,16,32,LU+INT,LU+INT,,,,,,,,,,,
MDB,2018,B,1,,LU,20,13,2,SNY17,14,32,LU,LU+INT,EROD,U,,,,,,,,,
MDB,2018,B,1,,LC,13,8,4,SNSE9,20,32,LC+INT,LC+INT,,,,,,,,,,,
MDB,2018,B,1,,LU,16,10,1,SNS72,22,31,LU,LU+INT,,,,,,,,,,,
MDB,2018,B,1,,LC,11,8,5,SNE37,14,32,LC+INT,LC+INT,,,,,,,,,,,
MDB,2018,B,1,,LU,20,10,2,SNS58,22,31,LU+INT,LU+INT,CH,U,EROD,U,,,,,,,
MDB,2018,B,1,,LU,19,4,1,SNY5,8,32,LU+INT,LU+INT,CH,U,,,,,,,,,
MDB,2018,B,1,,LU,10,6,5,SNS7,12,32,LU+INT,LU+INT,,,,,,,,,,,
MDB,2018,B,1,,LU,14,8,6,SNC21,20,32,,LU+INT,,,,,,,,,,,
MDB,2018,B,1,,LU,12,7,5,SNS73,24,32,LU+INT,LU+INT,ROUGH,U,,,,,,,,,
MDB,2018,B,1,,LU,15,14,3,SNS62,22,33,,LU-INT,CR6,U,,,,,,,,,
MDB,2018,B,1,,LC,13,7,6,SNE33,14,31,,LC+INT,,,,,,,,,,,
MDB,2018,B,1,,LC,12,7,5,SNE37,14,32,,LC+INT,,,,,,,,,,,
MDB,2018,B,1,,LU,11,9,6,SNC13,22,32,LU-INT,LU+INT,ROUGH,U,,,,,,,,,
MDB,2018,B,1,,LU,11,7,5,SNS5,16,32,,LU+INT,EROD,U,,,,,,,,,
MDB,2018,B,1,,LU,15,7,2,SNS61,,32,LU,LU+INT,CH,U,CR4,U,,,,,,,
MDB,2018,B,6,,LUM,11,7,2,SNS5,8,32,LUM,LUM+INT,MCH,UM,CR4,UM,,,,,,,
MDB,2018,B,6,,LC,13,9,5,SNE10,12,33,LC+INT,LC+INT,CH,L,,,,,,,,,
MDB,2018,B,6,,LUM,12,4,2,SNS7,28,32,LUM+INT,LUM-INT,CR4,UM,PE3,U,,,,,,,
MDB,2018,B,6,,LU,12,8,6,SNC2,24,31,,LU+INT,,,,,,,,,,,
MDB,2018,B,6,,LC,12,7,5,SNE26,10,32,LC+INT,LC+INT,MCH,LC,,,,,,,,,
MDB,2018,B,6,,LU,12,8,4,SNS70,26,32,LU+INT,LU-INT,CR4,U,,,,,,,,,
MDB,2018,B,6,,LUM,12,7,1,SNS36,26,32,LU+INT,LUM-INT,CR4,UM,,,,,,,,,
MDB,2018,B,6,,LU,10,6,4,SNS24,24,32,LU+INT,LU+INT,CH,U,,,,,,,,,
MDB,2018,B,6,,LUM,29,8,1,SNY18,22,32,LU,LU+INT,CR4,M,,,,,,,,,
MDB,2018,B,6,,LUM,10,7,2,SNS56,8,32,LUM+INT,LU+INT,,,,,,,,,,,
MDB,2018,B,6,,LU,14,7,6,SNC2,24,32,LU-INT,LU+INT,ROUGT,U,,,,,,,,,
MDB,2018,B,6,,LUM,14,7,6,SNC2,24,32,LU-INT,LUM+INT,ROUGT,U,PW,UM,,,,,,,
MDB,2018,B,6,,LU,15,6,1,SNS57,24,31,LU,LU+INT,CH,U,,,,,,,,,
MDB,2018,B,6,,LUM,22,13,1,,24,32,LU+INT,LUM+INT,CR4,UM,,,,,,,,,
MDB,2018,B,6,,LC,12,7,5,SNS15,22,32,LU+INT,LU+INT,CR4,U,,,,,,,,,
MDB,2018,B,6,,LU,13,8,6,SNC21,10,32,,LU+INT,,,,,,,,,,,
MDB,2018,B,6,,LU,13,8,6,SNC8,12,31,,LU+INT,,,,,,,,,,,
MDB,2018,B,6,,LUM,16,9,6,SNC21,22,32,,LUM+INT,ROUGT,UM,,,,,,,,,
MDB,2018,B,6,,LC,12,7,5,SNS26,12,32,LC+INT,LC+INT,,,,,,,,,,,
MDB,2018,B,6,,LC,12,8,5,SNE9,14,32,LC+INT,LC+INT,,,,,,,,,,,
MDB,2018,B,6,,LU,21,8,1,SNS64,22,32,LU+INT,LU+INT,,,,,,,,,,,
MDB,2018,B,6,,LU,17,10,1,SNS72,22,32,LU,LU+INT,,,,,,,,,,,
MDB,2018,B,6,,LU,18,10,2,SNS72,18,32,LU,LU+INT,CH,U,,,,,,,,,
MDB,2018,B,6,,LC,10,7,5,SNE10,12,32,LC+INT,LC+INT,CH,L,,,,,,,,,
MDB,2018,B,6,,LC,11,6,4,SNE20,22,32,LC+INT,LC+INT,,,,,,,,,,,
MDB,2018,B,6,,LU,10,8,5,SNS7,26,32,LU+INT,LU+INT,EROD,U,,,,,,,,,
MDB,2018,B,6,,LU,13,7,6,SNC2,26,32,LU+INT,LU+INT,,,,,,,,,,,
MDB,2018,B,6,,LU,23,9,1,SNY11,26,33,LU+INT,LU+INT,CR4,U,,,,,,,,,
MDB,2018,B,6,,LU,15,9,4,SNS70,24,32,LU+INT,LU+INT,MCH,U-INT,,,,,,,,,
MDB,2018,B,6,,LU,13,8,6,SNC18,10,32,,LU+INT,,,,,,,,,,,
MDB,2018,B,6,,LC,9,7,5,SNE37,16,32,,LC+INT,CH,C,,,,,,,,,
MDB,2018,B,6,,LUM,13,7,6,SNC13,24,32,,LUM+INT,ROUGT,UM,,,,,,,,,
MDB,2018,B,6,,LC,15,9,5,SNE26,18,32,LC+INT,LC+INT,CH,C-INT,,,,,,,,,
MDB,2018,B,6,,LU,18,8,1,SNS58,22,32,LU+INT,LU+INT,,,,,,,,,,,
MDB,2018,B,6,,LU,12,8,2,SNS5,14,32,LU,LU+INT,,,,,,,,,,,
MDB,2018,B,6,,LU,15,14,1,SNS46,18,32,LU+INT,LU+INT,CH,U,,,,,,,,,
MDB,2018,B,6,,LU,14,9,1,SNS11,14,32,LU+INT,LU+INT,,,,,,,,,,,
MDB,2018,B,6,,LC,10,7,5,SNE37,20,33,LC+INT,LC+INT,,,,,,,,,,,
MDB,2018,B,6,,LC,13,9,5,SNE26,12,32,LC+INT,LC+INT,,,,,,,,,,,
MDB,2018,B,6,,LUM,18,8,1,SNS64,20,32,U,LU+INT,CR4,M,CH,M,,,,,,,
MDB,2018,B,6,,LU,12,8,2,SNS11,16,32,LU+INT,LU+INT,,,,,,,,,,,
MDB,2018,B,6,,LU,13,6,,SNY19,,32,LU,LU+INT,EROD,U,,,,,,,,,
MDB,2018,B,13,,LU,17,14,5,SNY20,26,32,LU+INT,LU+INT,,,,,,,,,,,
MDB,2018,B,13,,LUM,16,10,2,SNS73,22,32,LU,LUM-INT,CR4,UM,,,,,,,,,
MDB,2018,B,13,,LU,16,8,2,SNS28,10,32,LU+INT,LU-IN,EROD,,,,,,,,,,
MDB,2018,B,13,,LC,15,8,5,SNE5,14,32,LC+INT,LC+INT,CH,C,,,,,,,,,
MDB,2018,B,13,,LU,15,7,5,SNS61,30,33,,LU-INT,,,,,,,,,,,
MDB,2018,B,13,,LUM,14,7,6,SNC4,24,32,LUM+INT,LUM+INT,ROUGH,UM,,,,,,,,,
MDB,2018,B,13,,LU,23,13,2,SNY5,18,33,LU,LU+INT,CR4,U,,,,,,,,,
MDB,2018,B,13,,LU,18,13,2,SNS73,30,33,,LU+INT,CH,U,,,,,,,,,
MDB,2018,B,13,,LUM,17,10,6,SNC22,22,33,,LU+INT,ROUGH,U,,,,,,,,,
MDB,2018,B,13,,LU,12,8,4,SNS5,28,32,LU,LU-INT,CR4,U,,,,,,,,,
MDB,2018,B,13,,LUM,14,7,6,SNC4,22,33,,LU+INT,MCH,U-INT,,,,,,,,,
MDB,2018,B,13,,B,17,14,6,SNB4,10,32,,LU+INT,,,,,,,,,,,
MDB,2018,B,13,,LUM,15,7,1,SNY21,8,31,LU+INT,LU+INT,CR4,UM,,,,,,,,,
MDB,2018,B,13,,LUM,21,8,1,SNS21,16,32,LU+INT,LU+INT,CR4,M,,,,,,,,,
MDB,2018,B,13,,LU,20,8,1,SNY21,20,33,LU+INT,LU+INT,CR4,U,,,,,,,,,
MDB,2018,B,13,,LC,13,8,5,SNE2,10,31,LC+INT,LC+INT,MCH,LC,,,,,,,,,
MDB,2018,B,13,,LU,11,7,1,SNS21,16,32,LU+INT,LU+INT,,,,,,,,,,,
MDB,2018,B,13,,LUM,21,10,2,SNS74,20,32,LU+INT,LU+INT,MCH,U,ROUGH,M,,,,,,,
MDB,2018,B,13,,LU,20,18,2,SNS46,26,32,LU+INT,LU+INT,,,,,,,,,,,
MDB,2018,B,13,,LU,11,9,4,SNS7,14,32,,LU+INT,CH,L,,,,,,,,,
MDB,2018,B,13,,LU,15,8,6,SNC19,30,32,,LU+INT,ROUGH,U,,,,,,,,,
MDB,2018,B,13,,LU,21,11,2,SNY5,18,32,,LU-INT,CR4,U,,,,,,,,,
MDB,2018,B,13,,LU,10,9,6,SNC13,24,33,LU-INT,LU+INT,ROUGH,U,,,,,,,,,
MDB,2018,B,13,,LU,10,7,2,SNS5,24,32,LU,LU+INT,CH,U,,,,,,,,,
MDB,2018,B,13,,LU,11,9,6,SNC23,26,33,LU-INT,LU+INT,,,,,,,,,,,
MDB,2018,B,13,,LU,14,7,6,SNC24,24,32,LU,LU+INT,ROUGH,U,,,,,,,,,
MDB,2018,B,13,,LUM,19,14,3,SNS75,34,33,LU,LU+INT,CR6,UM,,,,,,,,,
MDB,2018,B,13,,LU,13,6,1,SNS20,18,32,LU,LU+INT,CH,U,,,,,,,,,
MDB,2018,B,13,,LU,11,9,6,SNC25,28,32,LU,LU+INT,CH,U,,,,,,,,,
MDB,2018,B,13,,LC,13,6,4,SNE41,22,32,LC+INT,LC+INT,CH,C,,,,,,,,,
MDB,2018,B,13,,LU,11,9,5,SNS45,32,33,LU-INT,LU+INT,,,,,,,,,,,
MDB,2018,B,13,,LC,13,8,4,SNE40,10,32,LC+INT,LC+INT,,,,,,,,,,,
MDB,2018,B,13,,LU,11,7,4,SNS15,24,32,LU+INT,LU+INT,VPR,U,MCH,U,,,,,,,
MDB,2018,A,3,,LU,42,23,2,SNS76,34,33,,LU-INT,CR4G,U,SI2,U,,,,,,,
MDB,2018,A,3,,LUM,12,8,1,SNS57,24,32,LUM+INT,LUM+INT,CR4,M,MCH,U,,,,,,,
MDB,2018,A,3,,LCU,13,9,5,SNE43,20,33,LCU+INT,LCU+INT,CR,U,,,,,,,,,
MDB,2018,A,3,,LUM,20,7,1,SNY23,16,32,LUM,LUM+INT,EROD,M,,,,,,,,,
MDB,2018,A,3,,LCU,15,9,5,SNE42,18,33,LCU+INT,LCU+INT,,,,,,,,,,,
MDB,2018,A,3,,LUM,21,7,1,SNY5,16,32,LU,LU-INT,CR4,UM,,,,,,,,,
MDB,2018,A,3,,LU,17,13,3,SNS62,32,33,LU+INT,LU+INT,,,,,,,,,,,
MDB,2018,A,3,,LU,19,20,,SNS75,,33,L,LU+INT,CR,U,,,,,,,,,
MDB,2018,A,3,,LU,18,7,2,SNS46,22,31,LU+INT,LU+INT,CR4,U,,,,,,,,,
MDB,2018,A,3,,LU,12,6,6,SNC26,20,32,LU+INT,LU+INT,CH,U,,,,,,,,,
MDB,2018,A,3,,LU,9,6,4,SNS24,8,32,LU+INT,LU+INT,,,,,,,,,,,
MDB,2018,A,3,,LU,31,7,2,SNS77,40,33,,LU+INT,CR,U,,,,,,,,,
MDB,2018,A,3,,LU,18,6,1,SNY17,18,31,LU+INT,LU+INT,CR4,U,,,,,,,,,
MDB,2018,B,17,,LU,15,9,1,SNS5,24,31,LU+INT,LU+INT,MCH,U,,,,,,,,,
MDB,2018,B,17,,LU,20,15,4,SNS75,28,32,LU-INT,LU-INT,CR,U,,,,,,,,,
MDB,2018,B,17,,LU,15,8,6,SNC24,30,32,,LU+INT,EROD,U,,,,,,,,,
MDB,2018,B,17,,LUM,19,13,1,SNS77,24,32,LU,LU-INT,CR6,UM,MCH,UM,,,,,,,
MDB,2018,B,17,,LU,29,22,2,SNS68,32,32,LU,LU+INT,EROD,U,,,,,,,,,
MDB,2018,B,17,,LU,14,9,6,SNC13,24,32,,LU+INT,ROUGH,U,,,,,,,,,
MDB,2018,B,17,,LU,13,6,2,SNS11,12,32,LU,LU+INT,PR,U,,,,,,,,,
MDB,2018,B,17,,B,16,7,6,SNB10,8,32,,LU+INT,,,,,,,,,,,
MDB,2018,B,17,,LUM,17,8,1,SNS57,,31,LUM,LUM+INT,CH,U,CR4,UM,,,,,,,
MDB,2018,B,17,,LU,16,20,3,SNS75,26,32,LU-INT,LU-INT,CR6,U,,,,,,,,,
MDB,2018,B,17,,LU,15,9,6,SNC24,40,32,LU-INT,LU+INT,ROUGH,U,,,,,,,,,
MDB,2018,B,17,,LUM,13,8,6,SNE12,,32,LU+INT,LUM+INT,CH,C-INT,,,,,,,,,
MDB,2018,B,17,,LU,11,7,4,SNS5,12,32,,LU+INT,,,,,,,,,,,
MDB,2018,B,17,,LC,12,10,5,SNE37,12,32,LC+INT,LC+INT,,,,,,,,,,,
MDB,2018,B,17,,LUM,15,8,6,SNC2,26,32,LUM-INT,LUM+INT,ROUGH,M,,,,,,,,,
MDB,2018,B,17,,LU,12,10,2,SNS79,22,32,U,LU+INT,EROD,U,CH,U,,,,,,,
MDB,2018,B,17,,LUM,13,14,2,SNS1,12,32,,LU+INT,CR4,UM,,,,,,,,,
MDB,2018,B,17,,LC,14,7,5,SNE41,22,33,LC+INT,LC+INT,,,,,,,,,,,
MDB,2018,B,17,,LU,15,9,5,SNS78,20,32,,LU+INT,,,,,,,,,,,
MDB,2018,B,17,,LU,18,9,2,SNS65,20,32,LU+INT,LU+INT,,,,,,,,,,,
MDB,2018,B,17,,LU,18,7,1,SNY22,24,33,LU+INT,LU+INT,CR4,U,,,,,,,,,
MDB,2018,B,17,,LU,19,10,6,SNC17,26,31,U-INT,LU+INT,,,,,,,,,,,
MDB,2018,B,17,,LU,21,11,1,SNS11,18,33,LU+INT,LU+INT,,,,,,,,,,,
MDB,2018,B,17,,LU,15,19,3,SNS75,20,31,L,LU-INT,CR2,U,,,,,,,,,
MDB,2018,B,17,,LU,20,8,1,SNY21,18,33,LU+INT,LU+INT,CR4,U,,,,,,,,,
MDB,2018,B,17,,LU,17,9,1,SNS67,20,31,LU+INT,LU+INT,CH,U,,,,,,,,,
MDB,2018,B,17,,LU,14,8,1,  SNS61,,33,LU+INT,LU+INT,,,,,,,,,,,
MDB,2018,B,3,,LCU,11,8,5, SNE44,10,32,LU+INT,LU+INT,MCH,LCU,,,,,,,,,
MDB,2018,B,3,,LU,12,10,4,SNS80,20,32,LU+INT,LU+INT,,,,,,,,,,,
MDB,2018,B,3,,LU,17,9,1,SNS11,18,32,LU,LU+INT,,,,,,,,,,,
MDB,2018,B,3,,LU,17,7,1,SNS60,18,32,LU,LU+INT,,,,,,,,,,,
MDB,2018,B,3,,LU,12,9,5,SNS80,14,32,,LU+INT,,,,,,,,,,,
MDB,2018,A,2,,LCU,10,7,5,SNE43,34,31,LCU+INT,LCU+INT,,,,,,,,,,,
MDB,2018,A,2,,B,12,5,6,SNC27,22,31,LU+INT,LU+INT,CH,U+INT,,,,,,,,,
MDB,2018,A,2,,LU,12,6,2,SNS5,14,32,LU+INT,LU+INT,,,,,,,,,,,
MDB,2017,Z,surface,surface,LN,26,14,2,N1,24,31,0,0,CH,C,CR4,N,P-R-W,LCN,,,,,
MDB,2017,Z,surface,surface,LNUM,18,10,6,L1,11,31,0,0,PLAIN,LNUM,,,,,,,,,
MDB,2017,Z,surface,surface,LCN,16,13,2,N2,19,31,LCN,L,CR4,N,,,,,,,,,
MDB,2017,Z,surface,surface,LNU,16,8,2,XY2,21,32,0,0,EROD,NU,,,,,,,,,
MDB,2017,Z,surface,surface,LNUM,14,11,6,E90,40,31,L,L,CR8,M,P-R-L,M,PLAIN,NU,,,,,
MDB,2017,Z,surface,surface,LNU,18,14,6,E90,36,32,0,0,PLAIN,LNU,,,,,,,,,
MDB,2017,Z,surface,surface,LNU,11,7,1,XY§,24,32,LN,LN,VPR,U,,,,,,,,,
MDB,2017,Z,surface,surface,LCNU,17,13,2,N3,23,32,LCN,LCN,CR4,U,,,,,,,,,
MDB,2017,Z,surface,surface,LCNU,15,11,1,E5,29,32,LCN,LCN,CR8?,U,CH,U,,,,,,,
MDB,2017,Z,19,E,LNS,10,9,4,S1,18,32,L,L,CR4,NS,SI4,S,,,,,,,
MDB,2017,Z,19,E,LNS,12,11,4,N7,18,31,L+IN,L+IN,CR4,NS,,,,,,,,,
MDB,2017,Z,19,E,LNS,12,8,6,E90,0,31,IN,L,VPR,S,PLAIN,LN,,,,,,,
MDB,2017,Z,19,E,LNS,13,10,1,S1,22,31,T/O,T/O,RSO,LNS,,,,,,,,,
MDB,2017,Z,19,E,LNS,18,12,4,C2,0,31,T/O,T/O,RSO,LNS,,,,,,,,,
MDB,2017,Z,19,E,LN,15,10,2,N5B,0,32,0,0,EROD,LN,,,,,,,,,
MDB,2017,Z,19,E,LNS,14,9,0,S1,0,31,L,L,MCH,N,,,,,,,,,
MDB,2017,Z,19,E,LNS,29,12,2,XY3,0,32,T/O,LN,VPR,S,CH,S,,,,,,,
MDB,2017,Z,19,E,LNS,16,10,0,XY1,0,31,L,L,CR4,NS,,,,,,,,,
MDB,2017,Z,19,E,LNS,17,11,0,S1,0,31,T/O,0,CH,N,CR4,S,,,,,,,
MDB,2017,Z,19,E,NS,13,12,1,E,13,31,T/O,T/O,RSO,NS,,,,,,,,,
MDB,2017,Z,14,D,LN,16,9,2,E2,8,31,0,T/O,PLAIN,LN,,,,,,,,,
MDB,2017,Z,23,F,LN,10,9,2,S1,18,31,EX,0,MCH,LN,,,,,,,,,
MDB,2017,Z,23,F,LNS,10,10,1,S1,14,31,0,EX,MCH,LN,,,,,,,,,
MDB,2017,Z,23,F,LNS,17,11,2,S1,20,31,T/O,0,CH,N,CR?,S,,,,,,,
MDB,2017,Z,23,F,LNS,7,6,1,S1,8,31,T/O,T/O,RSO,LNS,,,,,,,,,
MDB,2017,Z,23,F,LNS,17,15,3,S3,24,31,L,L,CR4,NS,,,,,,,,,
MDB,2017,Z,23,F,LN,12,8,2,E2,24,31,T/O,0,PLAIN,LN,,,,,,,,,
MDB,2017,Z,23,F,NS,10,8,0,0,0,31,N,N,MCH,N,CR?,S,SI4,S,,,,,
MDB,2017,Z,23,F,B,0,0,0,B5,10,32,0,0,PLAIN,,,,,,,,,,
MDB,2017,Z,23,F,LNS,12,10,2,E8,14,31,T/O,T/O,MCH,N,,,,,,,,,
MDB,2017,Z,23,F,LNS,12,10,2,S19,0,31,IN,0,CR4,NS,,,,,,,,,
MDB,2017,Z,2,A,LNS,10,5,6,E90,18,31,0,0,PLAIN,LN,EROD,S,,,,,,,
MDB,2017,Z,2,A,LNS,14,11,2,S10,0,30,T/O,T/O,CH,N,VPR,S,,,,,,,
MDB,2017,Z,2,A,L,9,5,0,0,0,31,T/O,T/O,CH,L,,,,,,,,,
MDB,2017,Z,2,A,LNS,13,11,0,S1,0,31,IN,LN,CH,N,CR4,S,,,,,,,
MDB,2017,Z,3,A,LNS,9,5,2,XY1,22,31,L,L,CR6,S,,,,,,,,,
MDB,2017,Z,12,C,LNS,11,9,2,S1,0,31,T/O,T/O,RSO,LN,CH,S,VPR,S,,,,,
MDB,2017,Z,12,C,LNS,9,7,0,S1,0,31,T/O,T/O,RSO,LN,CH,S,,,,,,,
MDB,2017,Z,6,B,LNS,7,5,3,S1,15,31,T/O,T/O,CR4,NS,,,,,,,,,
MDB,2017,Z,6,B,LNS,16,8,4,C2,30,31,T/O,T/O,,,,,,,,,,,
MDB,2017,Z,6,B,NS,14,7,2,Y,0,31,N,N,,,,,,,,,,,
MDB,2017,Z,6,B,LN,10,9,0,E,19,31,N,N,,,,,,,,,,,
MDB,2017,Z,6,B,LNS,12,8,2,S9,32,31,0,LN,CR,S,,,,,,,,,
MDB,2017,Z,6,B,LNS,12,8,4,E65,31,31,IN,IN,CH,S,MCH,N IN,,,,,,,
MDB,2017,Z,6,B,LNS,11,7,3,XY1,0,31,0,LN,,,,,,,,,,,
MDB,2017,Z,6,B,LNS,14,12,6,L2,18,31,0,0,,,,,,,,,,,
MDB,2017,Z,6,B,LNS,7,6,3,S1,14,31,LN,T/O,P-W-T,L,P-W-W,NS,,,,,,,
MDB,2017,Z,15,D,NS,12,10,2,0,12,31,S,S,,,,,,,,,,,
MDB,2017,Z,15,D,NS,16,7,2,Y,0,31,N,N,CR4,S,,,,,,,,,
MDB,2017,Z,15,D,NS,18,8,2,Y,0,31,N,N,VPR,S,,,,,,,,,
MDB,2017,Z,15,D,LNS,13,9,1,S1,0,31,T/O,T/O,CH,N,,,,,,,,,
MDB,2017,Z,15,D,LN,14,9,6,E90,16,31,0,0,,,,,,,,,,,
MDB,2017,Z,15,D,LNS,14,11,2,S1,32,31,LN,LN,CR8,S,,,,,,,,,
MDB,2017,Z,15,D,LN,7,4,2,E5,12,31,LN,LN,,,,,,,,,,,
MDB,2017,Z,15,D,LNS,9,8,3,S7,11,31,T/O,LNS,CH,N,CH,S,CR8,S,,,,,
MDB,2017,Z,15,D,LNS,7,6,2,E5,10,31,LN,L,,,,,,,,,,,
MDB,2017,Z,15,D,LNS,11,7,4,S9,0,31,T/O,T/O,CH,N,CR4,NS,,,,,,,
MDB,2017,Z,15,D,LNS,14,10,2,N4,15,32,0,LN,VPR,S,,,,,,,,,
MDB,2017,Z,15,D,LN,11,9,6,E90,23,32,T/O,T/O,,,,,,,,,,,
MDB,2017,Z,15,D,LNS,8,6,1,S1,24,31,LN,LN,,,,,,,,,,,
MDB,2017,Z,15,D,LNS,14,12,3,XY1,0,31,IN,IN,CR4,NS,,,,,,,,,
MDB,2017,Z,15,D,LN,9,6,1,S1,13,31,T/O,T/O,CH,N,,,,,,,,,
MDB,2017,Z,10,EF,LN,8,6,4,S1,11,31,T/O,T/O,RSO,LN,,,,,,,,,
MDB,2017,Z,10,EF,B,10,6,0,B5,8,31,0,0,,,,,,,,,,,
MDB,2017,Z,18,E,LNS,19,11,2,E57,24,31,T/O,L+IN,,,,,,,,,,,
MDB,2017,Z,18,E,NS,15,9,2,Y,0,31,N,0,,,,,,,,,,,
MDB,2017,Z,18,E,NS,19,9,0,Y,0,31,N,N,CR?,S,,,,,,,,,
MDB,2017,Z,18,E,LS,12,11,0,Y,0,31,0,0,CR4,S,,,,,,,,,
MDB,2017,Z,18,E,LN,14,13,0,S1,16,31,T/O,T/O,CH,N,,,,,,,,,
MDB,2017,Z,18,E,LN,7,6,4,S1,10,31,T/O,0,,,,,,,,,,,
MDB,2017,Z,21,E,LNS,18,8,1,S1,16,31,T/O,T/O,CH,L,CH,S,,,,,,,
MDB,2017,Z,21,E,LNS,10,7,6,E90,0,31,T/O,0,,,,,,,,,,,
MDB,2017,Z,21,E,LNS,19,14,1,S19,32,31,0,0,,,,,,,,,,,
MDB,2017,Z,7,C,LNS,13,11,3,S1,22,31,L + IN,L,CR4,NS,,,,,,,,,
MDB,2017,Z,7,C,LN,14,10,2,S1,18,31,T/O,T/O,RSO,LN,,,,,,,,,
MDB,2017,Z,7,C,LNS,12,9,1,S1,0,31,T/O,S,BLACKBURNISHED,LN,,,,,,,,,
MDB,2017,Z,7,C,LNS,12,9,0,S1,0,32,IN,IN,,,,,,,,,,,
MDB,2017,Z,7,C,B,13,0,0,B5,6,32,0,0,,,,,,,,,,,
MDB,2017,Z,11,D,LNS,20,11,2,XY4,16,31,L,L,CR4,NS,,,,,,,,,
MDB,2017,Z,11,D,LNS,13,11,6,E90,0,31,0,0,CR4,NS,,,,,,,,,
MDB,2017,Z,11,D,LNS,10,8,6,L2,24,31,IN,IN,P-R-L,NS,,,,,,,,,
MDB,2017,Z,11,D,LN,10,9,0,E,0,31,T/O,T/O,RSO,,,,,,,,,,
MDB,2017,Z,11,D,B,13,0,0,B5,6,31,0,0,,,,,,,,,,,
MDB,2017,Z,20,E,LNS,14,11,1,E68,18,31,0,N,VPR,S,,,,,,,,,
MDB,2017,Z,20,E,LN,11,8,2,S19,26,31,IN,IN,,,,,,,,,,,
MDB,2017,Z,20,E,LNS,21,16,6,E90,30,31,L,L,MCH,S IN,VPR,S,,,,,,,
MDB,2017,Z,20,E,NS,22,12,0,Y,0,31,N,N,,,,,,,,,,,
MDB,2017,Z,20,E,LNS,23,12,1,S1,24,31,0,0,CR?,S,,,,,,,,,
MDB,2017,Z,20,E,LNS,18,10,1,N8,20,31,LN,L,CH,N,CR,S,,,,,,,
MDB,2017,Z,20,E,LNS,12,8,2,S1,32,32,LN,LN,VPR,S,,,,,,,,,
MDB,2017,Z,20,E,LNS,10,5,0,S1,0,31,T/O,0,CH,N,,,,,,,,,
MDB,2017,Z,20,E,LNS,6,6,6,E90,10,32,0,0,,,,,,,,,,,
MDB,2017,Z,20,E,NS,12,7,2,E,21,31,0,N,VPR,S,,,,,,,,,
MDB,2017,Z,20,E,NS,18,8,0,Y,0,31,N,N,VPR,S,,,,,,,,,
MDB,2017,Z,20,E,LN,7,6,4,S1,22,31,T/O,T/O,RSO,LN,,,,,,,,,
MDB,2017,Z,8,C,NS,20,9,2,Y,22,31,N,NS,VPR,S,,,,,,,,,
MDB,2017,Z,8,C,NS,16,7,2,?,13,31,T/O,T/O,RSO,NS,,,,,,,,,
MDB,2017,Z,8,C,LNS,8,4,6,E90,13,31,0,0,,,,,,,,,,,
MDB,2017,Z,8,C,LN,11,10,2,C2,0,31,T/O,T/O,RSO,LN,,,,,,,,,
MDB,2017,Z,9,C,LNS,9,9,2,E51,16,31,0,L,CR8CH,S,,,,,,,,,
MDB,2017,Z,9,C,LNS,14,9,6,E90,17,31,L,0,,,,,,,,,,,
MDB,2017,Z,9,C,LNS,7,6,1,N9,14,31,LN,0,BLACKBURNISHED,LN,,,,,,,,,
MDB,2017,Z,9,C,LNS,9,4,2,E57,17,31,T/O,T/O,RSO,LN,,,,,,,,,
MDB,2017,Z,9,C,LNS,12,6,1,N8,0,31,LN,LN,EROD,S,,,,,,,,,
MDB,2017,Z,9,C,LN,17,15,0,E,10,32,0,0,,,,,,,,,,,
MDB,2017,Z,9,C,LNS,12,9,3,XY1,0,31,L,LNS,CR4,S,,,,,,,,,
MDB,2017,Z,9,C,LNS,19,18,1,S1,0,32,0,0,CR4,S,,,,,,,,,
MDB,2017,Z,22,E,LNS,14,10,3,C1,0,32,0,0,CR4,S,,,,,,,,,
MDB,2017,Z,22,E,LNS,9,6,6,L2,25,31,L+IN,0,CH,L,,,,,,,,,
MDB,2017,Z,22,E,LNS,12,10,2,S1,0,31,0,0,CR8?,S,,,,,,,,,
MDB,2017,Z,9,C,LN,11,9,0,E,23,31,IN,IN,,,,,,,,,,,
MDB,2017,Z,9,C,LN,19,7,1,XY3,0,31,LN,LN,,,,,,,,,,,
MDB,2017,Z,4,B,L,10,6,1,Y,16,32,LN,LN,,,,,,,,,,,
MDB,2017,Z,4,B,NS,19,11,0,0,0,31,N,NS,P-W-L,NS,CR4,S,MCH,S,P-W-L,S,,,