Phase;Unit;Rim Type;Rim Angle;MxRT;MnBT;Diameter;Temper;Firing;Burnish;Slip;Motif1;Loc1;Motif2;Loc2;Motif3;Loc3;Motif4;Loc4
5 up;C;B1;;;;7;32;8;0;EXT;0;;;;;;;
4/5;C;S2;2;17;18;34;31;13;0;0;CCRY;N U;CH;N;;;;
4;C;S2;4;8;8;18;31;2;EXT INT;EXT INT;CH;N;PLAIN;N U;;;;
4;C;S15;4;12;9;26;44;10;L;L INT;CH;N;TW4;N U;P B-W;U;;
4;C;S15;4;13;;26;44;10;L;L INT;CH;N;TW4;N;P B-W;N;;
4;C;S15;4;13;9;26;44;10;L;L INT;CH;N;TW4;N;P B-W;U;;
3 up;C;S15;2;12;7;20;32;4;L;L INT;CH;N;TW4;U;;;;
5 low;C;S2;2;10;9;18;32;1;E;L EXT;CH;N;;;;;;
4;C;S1;2;13;10;20;32;13;0;0;CSR7;N U;;;;;;
5 up;C;S9;2;11;12;10;44;3;0;EXT INT;DC2;L;CH;N;EROD;N;;
5 up;C;S13;2;12;6;18;31;1;EXT ;EXT INT;DC2;N;P R-W;U;P B-G;N;;
5 up;C;S10;2;7;7;10;44;3;0;EXT;DC2;N;P R-W;N;;;;
4;C;S15;4;15;9;18;31;9;0;L N;DC2;N U;;;;;;
5 up;C;S1;2;7;9;8;31;13;0;INT;DC2;U;;;;;;
4/5;C;E3;2;9;10;14;32;13;0;EXT INT;EROD;R;GRASS;C;DC2;U;P BR-W;U
4;C;S2;4;11;13;;31;1;0;0;EROD;;;;;;;
5 up;C;E53;1;9;8;16;32;1;0;L EXT;GRASS;C;DC2;U;;;;
5 up low;C;E53;1;16;10;14;32;13;L;L EXT;GRASS;L C N;DC2;U;;;;
5 low;C;S1;4;17;16;;32;1;0;EXT;GRASS;L N;EROD;N;;;;
5 up;C;E56;2;10;7;20;31;1;0;EXT INT;GRASS;C;MCH;N;TW6;U;;
4;C;E66;2;14;14;18;31;4;0;L INT;GRASS;C;P B;;;;;
4/5;C;E53;2;11;9;16;31;1;0;L;GRASS;L C N;P B;;P W;;;
5 up;C;E55;;13;6;22;31;1;0;ECT ;GRASS;C;P B-G;C;;;;
5 up low;C;E58;2;12;;14;32;10;N U;EXT INT;GRASS;L C N;P B-G;L N;P W-G;C N;;
5 up low;C;E53;1;15;;;32;13;0;EXT INT;GRASS;L C N;P B-G;L C N;;;;
3/4;C;E68;1;16;12;18;32;4;L;L;GRASS;N U;P B-W;U;;;;
5 up;C;E56;2;10;13;18;44;8;0;EXT INT;GRASS;C;P R-W;U;;;;
4;C;E52;1;12;11;20;31;8;0;L EXT;GRASS;N U;P W-G;C U;;;;
3/4;C;E68;1;12;7;16;32;2;L;EXT INT;GRASS;L N;P W-W;C N;P B-W;U;;
5 up;C;E64;2;16;10;12;31;1;0;L EXT;GRASS;C;PLAIN;U;P R-W;U;;
4;C;E54;3;10;9;22;32;13;0;C;GRASS;C;TW1;;;;;
4;C;S2;4;10;6;10;31;4;INT;EXT INT;GRASS;N U;TW4;U;;;;
3 up;C;S2;3;12;9;28;32;1;L;T/O;GRASS;N U;TW4;U;;;;
4;C;E7;2;8;11;20;31;8;0;0;GRASS;L C N;;;;;;
4;C;E58;2;11;19;;31;9;0;0;GRASS;L C N;;;;;;
5 low;C;E58;;8;;;44;3;0;EXT INT;GRASS;C N;;;;;;
5 low;C;E58;2;10;8;10;32;1;0;L;GRASS;L U;;;;;;
5 low;C;E56;;11;11;;32;13;L;EXT INT;GRASS;L C N;;;;;;
5 up;C;S1;4;7;10;22;32;9;0;EXT INT;GRASS;L N;;;;;;
5 up;C;E53;2;12;9;22;23;4;L;EXT INT;GRASS;N;;;;;;
5 up low;C;B1;;;;;32;12;0;EXT INT;GRASS;;;;;;;
5 up low;C;B2;;;;10;31;2;0;EXT;GRASS;;;;;;;
4;C;S2;2;9;5;18;31;1;0;0;ICS1;N U;TW1;L;;;;
4/5;C;S2;2;7;8;12;32;11;0;EXT INT;ICS1;N U;;;;;;
4;C;E63;2;11;6;8;31;9;L;L;P B-G;L;;;;;;
4;C;E52;2;12;8;22;32;9;L;EXT INT;P B-W;L;GRASS;C;;;;
4/5;C;E53;2;13;9;18;32;3;0;EXT INT;P B-W;L C N;GRASS;C;DC2;N;;
4/5;C;E53;2;12;11;14;32;8;0;L N;P B-W;C;GRASS;C;;;;
4/5;C;E53;2;16;;;32;3;0;EXT INT;P B-W;L C N;GRASS;C;;;;
5 up low;C;S15;2;16;6;24;31;2;L;0;P B-W;L N;P R;L N;GRASS;L N;;
4;C;E3;2;12;9;;31;4;0;L;P B-W;L N;P W-W;C;;;;
3/4;C;E68;1;9;7;14;32;1;L INT;T/O;P B-W;L N;P W-W;C;;;;
5 low;C;E53;1;11;10;16;32;1;INT;EXT INT;P B-W;L;P W-W;N;TW1;N;;
5 up low;C;E62;1;17;;14;31;1;L;EXT INT;P B-W;L C N;SI1;N;;;;
4;C;E63;2;12;;22;32;2;L;EXT INT;P B-W;L C;;;;;;
4;C;E1;1;13;;16;31;1;0;EXT;P B-W;L C;;;;;;
4/5;C;E63;1;14;;28;32;13;0;EXT INT;P R-W;C;GRASS;C;;;;
5 up;C;B1;;;;;31;1;0;0;P R-W;FOOT;MCH;INT;;;;
5 up;C;S10;3;8;8;8;31;1;0;L;P R-W;U;P W-G;U;P B-G;L M;DC2;N U
4/5;C;B3;;;;;44;8;EXT ;EXT;P R-W;EXT;;;;;;
5 up;C;S3;3;7;5;8;44;3;0;EXT INT;P R-W;R L N;;;;;;
5 up;C;S1;4;8;10;12;31;1;0;EXT INT;P R-W;U;;;;;;
5 up;C;BT2;;;;;44;3;0;EXT;P R-W;N;;;;;;
3/4;C;E52;2;10;;;31;8;L;L;P W-W;L;CH;L;;;;
4;C;E3;1;15;9;20;31;4;L;EXT;P W-W;C;DC1;N U;;;;
4;C;E55;2;12;;;32;2;0;L;P W-W;L C N;GRASS;C;;;;
3/4;C;E68;1;10;7;10;32;1;0;L EXT;P W-W;C;GRASS;U;;;;
5 low;C;S10;2;13;7;20;32;1;0;0;P W-W;N U;P B-G;N U;;;;
3/4;C;E68;1;10;;12;31;1;L;T/O;P W-W;C;P B-W;N;;;;
4;C;E3;1;12;11;14;31;8;L;L EXT;P W-W;L;;;;;;
4;C;E3;1;14;;16;31;4;L;EXT INT;P W-W;C;;;;;;
4;C;B2;;;;;31;3;0;E;PLAIN;;;;;;;
4;C;E53;1;13;11;18;31;2;L;L EXT;PLAIN;;;;;;;
4;C;E52;2;9;10;;32;4;0;EXT INT;PLAIN;;;;;;;
4;C;E52;1;11;10;24;32;10;0;L EXT;PLAIN;;;;;;;
4;C;B12;;;;4;44;10;;EXT INT;PLAIN;;;;;;;
4;C;B3;;;;6;31;1;0;0;PLAIN;;;;;;;
4;C;B1;;;;;32;10;0;0;PLAIN;;;;;;;
4;C;E11;1;10;;18;31;1;L;L;PLAIN;;;;;;;
5 low;C;S1;1;9;9;10;32;3;EXT INT;EXT INT;PLAIN;;;;;;;
5 low;C;S1;2;8;9;8;32;3;0;EXT INT;PLAIN;;;;;;;
5 low;C;E58;;10;21;12;32;3;EXT INT;EXT INT;PLAIN;;;;;;;
5 low;C;E53;1;12;8;14;32;8;L;EXT INT;PLAIN;;;;;;;
5 low;C;M1;4;9;11;;32;1;0;EXT;PLAIN;;;;;;;
5 up;C;S1;2;9;7;12;32;1;0;EXT INT;PLAIN;N;;;;;;
5 up low;C;B1;;;;14;32;10;0;EXT;PLAIN;;;;;;;
5 up low;C;S2;4;6;5;4;32;8;0;EXT;PLAIN;;;;;;;
5 up;C;S1;2;34;29;42;32;9;0;L INT;SI1;N;;;;;;
4;C;S1;2;8;11;22;32;1;0;EXT INT;SI2;N;TW6;U;;;;
4/5;C;S1;2;20;18;36;31;1;0;EXT;TI1;L;CCRY;U;;;;
5 up;C;E54;2;10;;16;32;9;0;EXT INT;TW;L;P R-W;L;P B-W;C;;
4;C;E53;1;18;12;16;31;13;0;L N;TW1;N;GRASS;C;;;;
4;C;S2;3;7;5;;32;1;0;L;TW1;N U;P R-G;U;;;;
5 up;C;E55;;11;;12;32;1;0;E;TW1;L;;;;;;
5 up;C;E65;2;13;10;14;44;3;0;0;TW12;C;ICS1;N;;;;
4/5;C;B3;;;;;32;3;0;EXT;TW4;EXT;;;;;;
3 up;C;S1;2;16;15;28;32;4;L;L;TW4;N U;;;;;;
5 up low;C;S5;2;13;11;16;32;1;0;0;TW6;L N;EROD;N U;;;;
4/5;C;S3;2;10;7;28;32;9;0;0;TW6;N;ICS1;U;;;;
5 up low;C;S2;2;28;29;32;32;12;0;INT;TW6;N U;P B-W;;;;;
4/5;C;E3;2;12;9;16;31;1;0;EXT;TW6;U;;;;;;
5 low;C;S2;2;21;16;38;32;1;0;L;TW6;L U;;;;;;
5 up;C;E58;2;15;10;16;32;9;0;0;TW6;N;;;;;;
5 up;A;S13;2;6;4;10;32;13;INT;L R C;DC2;C N U;P R-W;C N U;P B-G;C;;
5 up;A;E59;1;10;11;22;32;1;0;0;GRASS;U;P R-W;U;;;;
5 up;A;E55;1;11;8;14;32;1;0;L R C;GRASS;N;P W-W;L;;;;
5 up;A;E53;;10;;;31;1;0;C;GRASS;N;;;;;;
5 up;A;E53;;11;;;31;1;0;L R C;GRASS;C;;;;;;
5 up;A;S1;3;18;;30;32;1;0;L R C;MCH;C;;;;;;
5 up;A;E55;;11;;;31;1;0;L R C;P W-W;L;GRASS;N U;;;;
5 up;A;S2;2;7;7;8;32;1;0;0;TW1;C;;;;;;
5 up;A;E52;;11;;;31;1;0;L R C;;;;;;;;
5 up;A;E53;;11;;;31;1;0;0;;;;;;;;
5 up;A;S1;2;11;8;26;32;1;0;INT L C;CH;N;TW1;N U;;;;
5 up;A;E59;1;12;8;16;31;1;0;INT L C;EROD;N;;;;;;
5 up;A;S1;2;16;13;30;31;13;0;INT L C;GRASS;C;EROD;N U;;;;
5 up;A;S1;2;17;13;16;32;1;0;INT;GRASS;N;TW6;U;;;;
5 up;A;S1;2;18;16;24;31;13;0;0;GRASS;N;TW6;U;;;;
5 up;A;S1;2;16;14;38;31;1;0;INT;GRASS;N;TW6;U;;;;
5 up;A;E56;;11;;24;32;9;0;INT L;GRASS;N;;;;;;
5 up;A;S1;2;17;15;18;32;1;0;INT EXT;MCH;N;TW6;U;;;;
5 up;A;E56;2;14;10;22;44;8;0;0;TW6;U;GRASS;C N;;;;
5 up;A;S2;3;27;27;46;31;13;0;0;TW6;EXT;;;;;;
5 up;A;F3;;;;;32;10;0;0;;;;;;;;
5 up;A;S2;3;11;10;14;31;13;0;L N;CH;N;EROD;;;;;
5 up;A;S2;3;9;7;12;31;1;0;0;CSR1;N U;;;;;;
5 up;A;S2;3;10;10;12;31;1;0;L;DC2;N U;P R-W;N U;;;;
5 up;A;E62;3;10;6;16;31;9;L;L;DC2;N U;TW1;C;P;N U;;
5 up;A;E55;1;11;7;8;31;1;L;L C N;P R-W;C;;;;;;
5 up;A;S15;4;14;6;20;31;8;L U;T/O;GRASS;N;P;L N;PLAIN;B;;
5 up;A;E52;2;11;10;22;31;9;0;L;GRASS;C N;TW1;N U;P;C N;;
5 up;A;S1;4;15;15;26;32;9;0;INT;GRASS;N U;TW4;U;P B-W;L N;;
5 up;A;E56;2;12;9;16;32;1;0;L;GRASS;L;TW6;N U;;;;
5 up;A;S2;4;12;12;34;31;1;0;0;GRASS;L;TW6;N;;;;
5 up;A;E53;2;15;;18;31;9;L;L;P W-W;L;P B;N C;GRASS;L C N;;
5 up;A;B2;1;;5;8;32;1;0;0;DC2;B;P B;B;;;;
5 up;A;S2;2;9;7;12;31;1;0;0;ICS4;N U;;;;;;
5 up;A;E53;1;21;10;20;31;10;INT L;L;P W-W;C N;GRASS;N U;TW6;U;;
5 up;A;S1;1;12;12;26;32;13;0;0;GRASS;N U;EROD;U;;;;
5 up;A;E52;1;10;9;24;31;1;0;L C U;GRASS;C U;;;;;;
5 up;A;E53;2;13;9;30;31;1;0;L C;GRASS;C;;;;;;
5 up;A;E56;2;12;8;16;31;1;0;T/O;GRASS;N;;;;;;
5 up;A;E53;2;12;9;18;32;1;0;L C U;P B;L C;CSR1;U;GRASS;C;;
5 up;A;E53;2;12;9;18;32;1;0;L C U;P B;L C;CSR1;U;GRASS;C;;
5 up;A;E53;2;11;8;20;32;1;L C;T/O;P W-G;C;EROD;N;;;;
5 up;A;E58;2;8;10;18;31;1;0;0;PLAIN;C;TW6;N;;;;
5 up;A;S1;2;5;9;16;32;1;0;0;PLAIN;;;;;;;
5 up;A;B3;2;;4;10;31;1;0;B;TW6;B;;;;;;
5 up;A;E53;2;12;9;18;44S;9;L;T/O;;;;;;;;
5 up;A;E54;2;10;9;16;32;1;0;L;;;;;;;;
5 up;A;S1;4;10;10;40;32;1;0;L;PLAIN;T/O;;;;;;
5 up;A;S1;2;9;13;22;31;8;0;0;TW6;N U;;;;;;
5 up;A;S1;2;9;13;22;31;8;0;0;TW6;N U;;;;;;
5 low;A;S1;2;16;14;28;31;1;0;0;CH;N;TW4;N;;;;
5 low;A;S1;2;17;15;44;32;1;0;0;CH;N;TW6;N U;CCRY;U;;
5 low;A;S1;3;7;6;10;32;1;0;0;TI1;N;;;;;;
5 low;A;BT1;4;8;7;8;32;10;0;0;TW4;N;P R-G;N U;P W-G;N U;GRASS;L
5 low;A;S1;2;14;8;30;44;3;0;L R C;TW6;U;CH;N;P W-G;N U;;
5 low;A;S2;2;8;8;22;31;8;0;INT;TW6;N;ICS1;U M;;;;
5 low;A;E56;2;10;8;24;32;12;L;L;P B-W;L;;;;;;
5 low;A;S10;1;14;8;18;32;1;0;0;DC2;U M;P B-G;N U;P W-W;N U;GRASS;N U
5 low;A;E52;1;11;10;20;31;8;0;L R C;DC2;N U;P B-W;N U;;;;
5 low;A;E3;1;11;8;10;31;1;0;EXT;EROD;C;;;;;;
5 low;A;E52;2;11;11;;32;9;0;EXT;PLAIN;C;;;;;;
5 low;A;S1;3;25;20;50;31;1;0;0;TW4;U;CH;N;;;;
5 low;A;E3;1;9;6;12;32;12;0;INT;EROD;C;PLAIN;;;;;
5 low;A;S2;3;14;13;38;32;13;0;0;CH;N;CCRY;N U;;;;
5 low;A;E52;2;7;7;18;31;1;N;L C N;DC2;;PLAIN;;;;;
5 low;A;S1;2;17;9;36;32;12;0;0;GRASS;N;CSR1;N U;CCRY;U;;
5 low;A;E53;2;11;7;18;31;1;L;L;GRASS;N;TW6;U;;;;
5 low;A;E56;2;11;8;14;31;13;L;L;GRASS;C N;DC2;U;P W-G;C N;;
5 low;A;E68;1;13;10;20;31;1;L;L;GRASS;N U;P W-G;N C;TW4;U M;;
5 low;A;S1;2;8;6;10;31;1;0;0;TW4;L N;ICS1;U;;;;
5 low;A;E52;1;11;11;26;31;1;L;L;DC2;N U;;;;;;
5 low;A;S2;4;13;13;48;32;1;0;0;GRASS;L;EROD;U;;;;
5 low;A;S2;4;7;7;14;31;1;0;0;GRASS;L;TW6;U;;;;
5 low;A;E63;1;10;12;24;31;1;L;L;GRASS;N U;;;;;;
5 low;A;E52;2;10;8;18;31;1;0;L N U;TW4;U;GRASS;N;P W-G;N;;
4/5;A;S1;2;15;13;34;31;9;0;0;CCRX;U;;;;;;
4/5;A;S1;1;18;16;20;31;10;0;0;CCRY;U;SI1;N;;;;
4/5;A;S1;2;10;13;26;31;13;0;0;CCRY;U;;;;;;
4/5;A;S2;3;13;13;42;32;1;0;0;CCRY;U;;;;;;
4/5;A;E52;2;10;9;16;31;10;L;L;GRASS;C N U;CSR1;U M;P B-G;N;;
4/5;A;E68;1;15;8;14;32;1;0;L;GRASS;U;P W-G;N;;;;
4/5;A;E56;1;10;8;8;32;9;0;0;GRASS;N U;;;;;;
4/5;A;E58;1;9;16;8;32;10;0;0;;;;;;;;
4/5;A;E68;2;13;7;12;31;12;0;L;GRASS;N;P W-G;N;;;;
4/5;A;E3;1;12;8;12;44;8;0;L;GRASS;U;;;;;;
4/5;A;E58;2;8;18;18;32;1;0;EXT;GRASS;N;;;;;;
4/5;A;E68;2;11;10;16;32;1;0;INT EXT;GRASS;U;;;;;;
4/5;A;S4;2;7;4;10;31;1;INT EXT;INT EXT;GRASS;N;;;;;;
4/5;A;E58;;9;10;14;44;3;0;0;GRASS;N;;;;;;
4/5;A;S2;2;6;8;12;44;13;0;0;ICS1;N U;;;;;;
4/5;A;S1;1;7;7;10;44;3;EXT;EXT;PLAIN;N;;;;;;
4;A;E53;1;11;10;20;31;1;0;INT;GRASS;C N U;P R-G;;;;;
4/5;A;S9;2;12;11;;31;13;L;0;CH;N;TW6;U;;;;
4/5;A;E68;1;10;6;18;31;1;L;L;CSR7;U;P W-W;U;;;;
4/5;A;E52;1;9;9;8;31;1;0;L;GRASS;N U;P W-W;U;;;;
4/5;A;F5;;;;0,5;31;;0;0;P W-W;;;;;;;
4/5;A;E81;1;8;9;10;31;1;L C N;L C N;;;;;;;;
4;A;S1;2;7;6;8;31;1;INT EXT;INT EXT;CH;N;P W-W;N U;;;;
4;A;E68;1;10;8;10;31;4;0;INT EXT;GRASS;U;;;;;;
4;A;S1;4;11;6;20;31;4;L;L;GRASS;N U;P B-W;N U;;;;
4;A;E52;1;11;8;8;31;1;L;L EXT;P B-W;R U;GRASS;N U;CSR7;U;;
4;A;B2;;;;8;31;1;0;0;PLAIN;;;;;;;
4;A;E1;1;10;10;12;44;12;L;INT EXT;GRASS;N U;;;;;;
4;A;E52;1;8;6;14;44;8;L;EXT;GRASS;U;;;;;;
4;A;E52;1;10;7;14;44;8;L;INT EXT;RSO;U;;;;;;
4;A;E52;;11;;14;31;13;L;INT;;;;;;;;
4;A;E68;;9;;14;44;3;L;0;;;;;;;;
4;A;S1;1;11;8;8;32;1;0;L EXT;GRASS;N U;P B-G;N U;P W-G;;;
4;A;S1;2;9;7;16;32;1;0;L;GRASS;N U;;;;;;
4;A;E9;4;7;7;12;32;1;0;0;PLAIN;T/O;;;;;;
4;A;S3;2;9;4;24;31;1;0;INT L;TW4;N U;;;;;;
4;A;E53;1;10;7;22;31;13;0;L;P W-G;N U;GRASS;U;;;;
4;A;E67;2;9;11;8;31;2;0;0;PLAIN;T/O;PERF;;;;;
4;A;E57;4;10;8;14;31;8;0;0;PLAIN;T/O;;;;;;
4;A;B2;;9;5;12;32;1;0;0;PLAIN;T/O;;;;;;
3/4;A;S1;2;9;6;9;44;3;INT L;INT L;GRASS;N U;P B-G;N U M B;P G-W;N U M;P W-W;N U M
3/4;A;E3;1;8;8;16;31;8;0;EXT;GRASS;U;;;;;;
3/4;A;E2;2;8;10;22;31;1;INT L;INT EXT;GRASS;CH;;;;;;
3/4;A;E3;2;10;11;8;32;1;0;INT L;GRASS;U;;;;;;
3/4;A;S1;2;10;10;;31;10;0;INT EXT;GRASS;N U;;;;;;
3/4;A;E3;1;11;10;14;31;8;0;EXT;P G-G;N;GRASS;N U;;;;
3/4;A;E52;2;10;11;18;31;13;0;INT L;P R-G;L;P W-G;C N;P R-W;U;GRASS;U
3/4;A;S1;3;10;10;22;32;9;0;INT EXT;TW6;N U;;;;;;
3/4;A;S1;2;10;8;10;32;1;INT L;IN;DC2;N U;CSR7;M;P W-G;M;;
3/4;A;E58;1;10;8;18;31;1;0;L U;GRASS;C N U;TW4;M;;;;
3/4;A;E51;2;12;8;20;31;1;0;T/O;GRASS;C N U;;;;;;
3/4;A;E52;2;11;11;16;32;1;L;INT;P B-G;L;P W-G;C;GRASS;N;P B-G;N
3/4;A;E58;4;9;7;8;32;1;INT;INT;P W-W;EXT;;;;;;
3/4;A;E52;2;10;9;22;32;1;0;L;PLAIN;T/O;;;;;;
3/4;A;S2;2;8;6;10;31;1;0;0;PLAIN;N U;;;;;;
3/4;A;E1;;11;;;31;1;0;INT;PLAIN;N;;;;;;
3up;A;S1;2;8;7;10;31;1;0;INT;DC2;N;;;;;;
3up;A;E52;1;10;10;16;31;1;0;L;GRASS;N U;P R-W;U;;;;
3up;A;E52;1;8;9;14;31;1;0;INT L;GRASS;U;;;;;;
3up;A;E52;1;8;11;20;31;8;L;L;GRASS;N U;;;;;;
3up;A;E2;;9;;;32;1;0;0;GRASS;C;;;;;;
3up;A;E57;;9;;;44;4;0;0;GRASS;C;;;;;;
3up;A;E52;;9;;;32;1;0;0;P R-G;L;;;;;;
3up;A;E51;1;11;7;14;31;1;L;L;P W-G;C;;;;;;
3up;A;E52;1;10;6;6;31;1;INT;INT L;P W-G;C;;;;;;
3up;A;E52;1;11;7;8;31;1;L;L;P W-G;C;;;;;;
3up;A;E52;1;10;10;16;31;5;L;L;P W-G;C U;;;;;;
3up;A;E52;1;9;7;8;31;9;L;L;PLAIN;C N;;;;;;
3up;A;E52;1;9;6;8;44;8;INT L;INT L;PLAIN;C;;;;;;
3up;A;E53;;10;;;31;1;L;L;PLAIN;C;;;;;;
3up;A;S2;2;8;7;10;31;12;L;L;DC2;N U;;;;;;
3up;A;S1;2;7;7;10;44;8;INT L;INT EXT;GRASS;N U;;;;;;
3up;A;S1;2;10;8;;31;10;INT L;INT EXT;GRASS;N U;;;;;;
3up;A;S1;2;8;7;;31;1;0;EXT;PLAIN;N U;;;;;;
3up;A;E51;;9;;;44;12;L;L;PLAIN;L C;;;;;;
3up;A;E51;;10;;;31;1;L;L;PLAIN;L C;;;;;;
3up;A;S10;3;6;7;8;32;9;0;INT;CSR7;;;;;;;
3up;A;S1;2;10;5;14;31;9;INT;INT EXT;DC2;N U;;;;;;
3up;A;S1;2;14;15;34;32;1;INT;INT EXT;DC2;N U;;;;;;
3up;A;S1;2;13;12;30;44;12;INT;INT;GRASS;N;CCRY;U;;;;
3up;A;S1;2;9;7;;31;9;L;INT EXT;GRASS;N;CCRY;U;;;;
3up;A;S2;3;9;6;14;32;1;INT;INT;GRASS;N U;TW12;M B;;;;
3up;A;S1;2;14;14;28;32;1;0;INT EXT;GRASS;N;TW4;U;;;;
3up;A;E57;;10;;;31;1;0;0;PLAIN;N;;;;;;
3up;A;E58;;10;;;31;1;0;0;PLAIN;N;;;;;;
3up;A;S1;2;9;4;14;31;8;L;L;;N;CCRY;U;P R-W;N U;P W-G;U
3up;A;E51;;8;;10;32;1;L;L;;;;;;;;
3up;A;E51;;9;;14;31;1;0;0;;;;;;;;
3up;A;E68;1;9;7;18;32;10;L;L EXT;P W-W;C;GRASS;U;;;;
3up;A;E52;1;8;5;10;32;1;L;L;P W-W;C;;;;;;
3 low;A;S1;2;11;11;24;32;8;T/O;L;CH;N;GRASS;U;CCRY;U M;;
3 low;A;S1;1;8;6;10;31;1;0;EXT;CH;N;GRASS;U;;;;
3 low;A;S2;2;10;10;12;32;9;INT L;INT L;CH;N;GRASS;U;;;;
3 low;A;S9;2;10;10;14;32;8;0;EXT;CH;N;GRASS;U;;;;
3 low;A;E69;2;7;7;8;31;1;0;0;CH;C;;;;;;
3 low;A;E53;1;10;9;8;31;10;L;L;EROD;;;;;;;
3 low;A;S2;2;10;6;12;32;1;T/O;T/O;GRASS;N U;;;;;;
3 low;A;S2;2;12;12;14;32;12;INT;T/O;GRASS;N U;;;;;;
3 low;A;S2;3;8;5;10;31;1;INT;T/O;GRASS;N U;;;;;;
3 low;A;E53;1;10;7;10;31;10;L;L EXT;P W-W;C;;;;;;
3 low;A;E63;1;10;7;8;32;10;L;L;P W-W;C;;;;;;
3 low;A;E51;2;12;7;14;32;10;L;L;PLAIN;;;;;;;
3 low;A;S2;4;8;6;12;31;14;L EXT;L EXT;PLAIN;;;;;;;
3 low;A;S1;3;10;10;10;32;1;T/O;T/O;RSO;;;;;;;
3 low;A;E53;2;10;9;18;32;1;L;L EXT;GRASS;N U;CCRY;U M;;;;
3 low;A;S1;3;12;7;14;32;10;0;T/O;GRASS;N U;;;;;;
3 low;A;S2;2;11;10;12;31;2;0;T/O;GRASS;L U;P B-W;L U;P W-G;N U;;
3 low;A;S1;2;11;8;;31;4;0;T/O;GRASS;L U;P B-W;N U;;;;
3 low;A;E56;1;10;;14;31;9;L;INT L;PLAIN;;;;;;;
3 low;A;E56;1;10;;;31;1;L;INT L;PLAIN;;;;;;;
3 low;A;E7;2;7;;;32;1;0;T/O;RSO;;;;;;;
3 low;A;S1;2;8;7;10;31;12;0;L N;CH;N;P W-W;U;P B-G;U;GRASS;N U
3 low;A;S2;2;9;8;10;31;8;0;EXT;DC2;N U;;;;;;
3 low;A;S1;2;8;7;16;31;1;INT L;INT L;GRASS;N U;P B-W;N U;;;;
3 low;A;E56;1;8;10;;31;4;INT L;T/O;P B-W;L;;;;;;
3 low;A;E70;1;10;8;16;32;2;L;INT EXT;P B-W;L;;;;;;
3 low;A;S1;2;8;6;8;32;12;0;T/O;P R-W;L;P B-W;N U;;;;
3 low;A;BT2;;;;3;32;4;0;EXT;P W-W;C INT;P B-W;N INT;;;;
3 low;A;E56;1;7;;;31;10;I;T/O;RSO;;;;;;;
3 low;A;E56;2;10;12;18;31;1;0;T/O;RSO;;;;;;;
3 low;A;E8;2;8;8;10;31;2;0;T/O;RSO;;;;;;;
3 low;A;E53;1;9;10;16;32;13;0;L EXT;GRASS;C U;P B-W;L U;;;;
3 low;A;E52;1;7;;8;31;10;L;INT L;P W-W;C;;;;;;
3 low;A;S2;2;10;10;8;31;10;L;INT L;P W-W;C;;;;;;
3 low;A;E3;2;11;8;8;32;8;0;T/O;PLAIN;N;TW4;U;;;;
3 low;A;E3;1;10;9;16;31;10;INT L;T/O;RSO;;;;;;;
3 low;A;E56;2;12;8;16;31;13;L;T/O;P W-W;C U;P B-W;N;GRASS;C N;TW6;U
2/3;A;S1;2;8;8;14;32;1;0;T/O;CH;N;GRASS;U;;;;
2/3;A;S2;2;9;8;24;31;9;L;T/O;GRASS;N U;CCRY;U;;;;
2/3;A;S2;2;10;6;16;44;2;L;T/O;GRASS;N U;;;;;;
2/3;A;S1;4;10;7;;31;1;INT L;T/O;GRASS;N U;;;;;;
2/3;A;E52;1;9;10;;31;13;L;T/O;P B-W;L N;P W-W;C;;;;
2/3;A;E59;2;8;;;31;8;0;T/O;P B-W;L;P W-W;C;;;;
2/3;A;E53;2;9;;;31;4;L;T/O;P W-W;C;P B-W;L U;;;;
2/3;A;E56;2;8;;;31;2;L;T/O;P W-W;C;;;;;;
2/3;A;E56;2;7;;;31;1;L;T/O;P W-W;C;;;;;;
2/3;A;S1;2;8;10;12;32;8;0;0;TW1;N U;;;;;;
2/3;A;E52;1;11;10;16;31;1;L;T/O;P B-W;L;P W-W;C;;;;
2/3;A;S1;2;7;6;10;31;1;0;0;SI1;N;TW1;N;EROD;U;;
3 low;A;E52;1;9;10;14;31;13;L;EXT;GRASS;N U;;;;;;
3 low;A;E52;1;9;11;14;44;3;L;INT;GRASS;U;;;;;;
3 low;A;S2;2;11;10;14;44;3;0;INT EXT;GRASS;N;CSR1;U;P B-G;N;P W-G;U
3 low;A;S2;2;8;7;8;32;12;0;INT EXT;GRASS;N;TW1;U;;;;
3 low;A;E3;2;11;6;9;31;1;L;INT EXT;P W-G;C;GRASS;U;P R-W;U;;
3 low;A;S10;3;7;7;8;32;1;0;EXT;TW12;N;ICS1;;;;;
2;A;E3;2;7;10;14;44;8;L;INT EXT;CCRY;U;;;;;;
2;A;E3;;;;;31;1;INT;INT;;;;;;;;
2;A;S1;1;10;10;12;32;1;T/O;T/O;GRASS;N;;;;;;
2;A;S1;2;9;9;16;32;1;T/O;T/O;GRASS;N;;;;;;
2;A;S2;3;10;6;14;44;8;0;INT EXT;GRASS;N;CCRY;U;;;;
2;A;S5;2;10;7;10;31;9;0;INT EXT;GRASS;N;P R-W;N;;;;
2;A;S1;2;13;8;18;44;12;0;INT EXT;GRASS;N;TW12;U;;;;
2;A;E68;2;10;6;8;44;12;L;INTEXT;P W-G;C;GRASS;U;P W-G;L;;
2;A;S16;2;8;6;10;32;1;0;INT EXT;TW6;N U;;;;;;
2;A;S2;2;9;8;12;32;1;0;0;TW6;U;;;;;;
2;A;S2;4;9;7;12;31;9;L;T/O;CH;N;GRASS;N U;CCRY;U;;
2;A;S2;2;10;8;16;31;9;0;T/O;CH;N;GRASS;U;;;;
2;A;S2;2;8;6;12;31;8;L EXT;L EXT;CH;N;;;;;;
2;A;S2;4;9;10;18;31;13;0;INT EXT;EROD;N U;;;;;;
2;A;S1;2;6;7;10;31;1;0;0;GRASS;N;CSR7;U;EROD;U;;
2;A;S1;2;7;5;8;31;8;INT L;T/O;GRASS;N;CSR7;U;;;;
2;A;E56;2;8;11;14;31;13;0;L;GRASS;N U;;;;;;
2;A;S1;2;7;;;31;1;0;0;GRASS;N;;;;;;
2;A;S10;2;7;6;;31;8;INT;INT EXT;GRASS;N;;;;;;
2;A;E63;;9;;;31;12;L;L;GRASS;N;;;;;;
2;A;S2;3;6;6;12;44;3;EXT;INT EXT;P R-W;N;P W-G;N;;;;
2;A;L2;6;6;8;22;44;13;EXT;INT EXT;P R-W;N U;P W-G;N U;;;;
2;A;L2;6;6;8;22;44;13;EXT;INT EXT;P R-W;N;P W-G;N;;;;
2;A;L2;6;6;8;22;44;13;EXT;INT EXT;P R-W;N U;P W-G;N U;;;;
2;A;F6;;;;4;44;13;0;INT;P R-W;KNOB EXT;;;;;;
2;A;E68;2;12;6;8;32;12;L;INT;P W-G;C;GRASS;N;;;;
2;A;E56;2;10;8;;44;8;L;INT EXT;P W-G;C;;;;;;
2;A;M1;4;9;10;16;31;12;INT L;INT EXT;P W-W;N U;P B-G;N U;GRASS;N U;CCRY;U
2;A;E52;1;7;7;16;32;12;L;INT EXT;PLAIN;C;RSO;;;;;
2;A;E52;;8;7;14;32;12;L;INT EXT;PLAIN;C;RSO;;;;;
2;A;E53;;10;;18;31;12;L;INT EXT;PLAIN;C;RSO;;;;;
2;A;E51;1;9;6;14;44;8;0;INT EXT;PLAIN;;;;;;;
2;A;E69;1;8;5;14;32;8;L;L;PLAIN;;;;;;;
2;A;E54;2;8;6;14;32;1;0;L;PLAIN;;;;;;;
2;A;E68;2;11;;;44;12;L;L;PLAIN;;;;;;;
2;A;E51;;;;;31;1;L;INT EXT;PLAIN;L;;;;;;
2;A;S1;4;7;10;;32;3;0;T/O;TW4;N;EROD;U;;;;
2;A;S1;2;5;9;14;31;10;0;INT EXT;TW4;N U;;;;;;
1/2;A;AP4;;10;;;31;8;0;INT EXT;AP4;;;;;;;
1/2;A;S1;2;9;10;14;32;8;0;INT;CCRX;N;;;;;;
1/2;A;E52;1;10;9;10;44;13;L;0;GRASS;U;P R-W;U;;;;
1/2;A;E52;2;7;11;14;32;8;L;0;P W-G;C;GRASS;N U;P R-W;N U;;
1/2;A;E56;2;10;9;16;31;3;L;INT EXT;P W-G;C;GRASS;N U;P R-W;N U;;
1/2;A;E54;1;10;9;16;44;3;L;INT EXT;P W-G;C;GRASS;N U;;;;
1/2;A;E57;2;14;10;20;32;8;0;INT EXT;PLAIN;C;TW6;N;;;;
1/2;A;E51;1;10;10;8;32;1;L;0;PLAIN;C;;;;;;
1/2;A;E52;2;8;7;18;44;3;L;EXT;PLAIN;C;;;;;;
1/2;A;S2;3;10;10;8;44;8;0;0;PLAIN;N;;;;;;
1/2;A;E57;;11;;;32;13;L;0;PLAIN;N;;;;;;
1/2;A;E57;;11;9;;44;13;0;L EXT;PLAIN;C;;;;;;
1/2;A;E68;;11;;10;31;13;L;0;PLAIN;C;;;;;;
1;A;S1;2;15;17;36;44;8;0;INT;CH;N;CCRY;N U;;;;
1;A;S1;2;5;7;16;31;1;0;EXT;GRASS;N;ICS1;U;;;;
1;A;E80;2;10;6;10;32;8;L;0;GRASS;U;;;;;;
1;A;S1;2;11;16;50;44;12;0;0;ICS1;N U;TW6;R;;;;
1;A;E71;2;10;9;14;31;12;0;EXT;ICS1;N U;;;;;;
1;A;S1;1;10;11;12;31;8;L;INT EXT;P W-W;;P B-G;;;;;
1;A;E3;;8;;14;31;1;L;0;PLAIN;C;;;;;;
1;A;S16;2;8;6;10;31;1;0;0;TW4;N;TW6;U;;;;
1;A;E58;2;13;14;22;32;13;0;0;TW4;N;;;;;;
1;A;S1;2;10;10;14;32;13;L;EXT;TW6;N;ICS1;U;;;;
1;A;E53;2;11;10;18;32;9;L;L;CCRY;U;;;;;;
1;A;E59;2;10;8;12;32;10;L;L;GRASS;U;;;;;;
1;A;S1;2;8;6;14;32;13;L EXT;L EXT;GRASS;U;;;;;;
1;A;E56;2;10;12;18;32;1;L;L;P W-W;C;GRASS;U;CCRY;U M;;
1;A;E53;2;9;15;20;32;9;L;L EXT;P W-W;C;GRASS;U;;;;
1;A;E56;2;8;11;18;32;1;L;L EXT;P W-W;C;GRASS;U;;;;
1;A;E3;1;10;11;10;32;10;0;L;PLAIN;;;;;;;
1;A;D3;3;13;11;10;32;13;0;0;PLAIN;;;;;;;
1;A;S1;3;8;6;8;MICA;9;T/O;T/O;RSO;;;;;;;
1;A;S1;1;8;10;10;32;10;0;0;TW1;N U;;;;;;
1;A;S1;3;8;8;;32;9;INT;0;TW4;N U;;;;;;
1;A;S1;1;12;9;14;21;1;0;0;TW6;N U;ICS2;U;;;;
1;A;E71;2;13;8;12;32;13;0;0;TW6;U;;;;;;
1;A;S1;2;9;9;24;32;8;0;0;TW6;N;;;;;;
1;A;S4;3;18;16;38;32;1;0;0;TW6;N U;;;;;;
1;A;E3;2;9;10;8;32;1;L;L;;;;;;;;
1;A;E53;2;9;7;28;32;9;L;L;;;;;;;;
1;A;S1;2;8;6;14;32;13;T/O;T/O;CH;N;GRASS;U;;;;
1;A;S1;2;8;7;14;32;13;T/O;L EXT;CH;N;GRASS;U;;;;
1;A;S2;3;9;6;12;32;1;L;L EXT;GRASS;N U;;;;;;
1;A;S1;2;11;10;38;32;1;0;0;ICS1;U;;;;;;
1;A;E52;1;11;11;16;32;1;L;L;P W-W;C;GRASS;U;CCRY;U M;;
1;A;D3;3;11;10;10;32;13;0;0;PLAIN;;;;;;;
1;A;S1;2;9;9;18;32;1;INT EXT;INT EXT;RSO;;;;;;;
1;A;S1;2;12;13;32;32;1;INT;0;TW4;N U;CSR6;U M;;;;
1;A;S1;2;9;8;16;21;1;0;0;TW4;N U;ICS1;U;;;;
1;A;S2;2;9;9;10;21;1;INT;0;TW4;N;ICS1;U M B;;;;
1;A;S1;3;7;6;14;21;12;L;0;TW4;N;ICS1;U M;;;;
1;A;S2;3;9;7;10;32;1;L;L;TW4;U M;;;;;;
1;A;E57;2;11;7;18;32;1;0;0;TW6;U;CSR6;M;;;;
1;A;S1;1;11;10;20;21;13;0;0;TW6;N U;ICS1;U;;;;
1;A;S1;2;12;12;14;32;1;0;0;TW6;N U;ICS1;U;;;;
1;A;E57;2;16;14;16;32;1;C;L;TW6;U;;;;;;
1;A;E81;2;16;8;16;32;1;C;L EXT;TW6;U;;;;;;
1;A;E52;1;14;;16;32;1;L C;L C;;;;;;;;
1;A;S1;2;13;7;14;21;8;0;0;TW6;N U;ICS1;M;;;;
1/2;A;S2;3;11;10;14;32;9;INT;0;CCRY;L N U M;;;;;;
1/2;A;S1;2;9;8;10;32;1;0;0;ICS1;U;;;;;;
1/2;A;S1;2;6;7;12;32;8;0;0;CCRX;N;ICS1;U;;;;
1/2;A;S2;2;12;8;22;32;12;L;INT EXT;CH;N;P W-W;U;CCRY;U;;
1/2;A;S1;3;9;6;12;32;9;INT;0;DC2;N;CSR7;;;;;
1/2;A;S2;3;11;5;12;32;12;L INT;0;GRASS;N U M;;;;;;
1/2;A;S1;2;10;11;16;32;8;0;0;TW6;N;ICS1;U;;;;
1/2;A;S1;1;11;10;12;32;13;0;0;TW6;N U;;;;;;
1/2;A;E5;2;9;10;;21;9;L;0;TW7;U;;;;;;
1/2;A;E57;2;16;;26;32;1;0;0;;;;;;;;
1;A;E53;1;13;10;22;32;1;L;L EXT;GRASS;U;;;;;;
1;A;E53;2;14;9;20;31;9;L;L;P W-W;C;CCRY;U;;;;
1;A;E52;1;9;8;14;32;1;L;L EXT;P W-W;C;GRASS;U;;;;
1;A;B5;;11;7;;32;1;EXT;EXT;PLAIN;;;;;;;
1;A;E68;1;11;8;18;32;1;T/O;T/O;RSO;;;;;;;
1;A;L2;6;6;8;28;32;13;INT EXT;EXT;RSO;;;;;;;
1;A;S2;2;9;8;12;21;8;0;0;TW1;N;;;;;;
1;A;S2;2;7;8;8;21;1;0;0;TW4;N;ICS1;U;;;;
1;A;S1;2;8;9;12;32;13;INT;0;TW4;N U;;;;;;
1;A;S2;3;8;8;14;32;9;INT;0;TW4;N U;;;;;;
1;A;S1;4;13;12;40;32;10;0;0;TW4;U;;;;;;
1;A;S1;2;10;8;14;21;8;0;0;TW6;U;;;;;;
1;A;E92;2;9;13;10;32;1;0;0;;;;;;;;
1;A;E57;2;13;10;18;32;1;0;0;TW6;N U;TW12;U M B;;;;
5 up;B;S1;2;10;12;;31;1;;;DC2;C;;;;;;
5 up;B;S14;2;12;8;;32;1;;;DC2;L;;;;;;
5 up;B;E53;2;14;;18;32;23;;INT;GRASS;;;;;;;
5 up;B;S1;2;9;9;;32;4;;;GRASS;N U;;;;;;
5 up;B;E52;1;11;7;8;32;8;;L;P B;C;;;;;;
5 up;B;E53;1;17;8;12;32;9;;L;P B;C;;;;;;
5 up;B;E52;1;11;;18;32;1;;L;P B;C;;;;;;
5 up;B;E61;4;8;10;;31;1;;;SI1;L;;;;;;
5 up;B;E54;1;12;11;8;32;10;;;;;;;;;;
5 up;B;E53;1;9;;12;32;1;;L;;;;;;;;
5 up;B;E53;1;10;8;12;32;9;;;;;;;;;;
5 up;B;E53;;14;;16;32;1;;L;;;;;;;;
5 up;B;E53;1;12;;18;32;9;;;;;;;;;;
5 up;B;S10;2;12;11;18;32;10;;EXT;;;;;;;;
5 up;B;E59;;9;9;32;32;8;;INT;;;;;;;;
5 up;B;E52;1;11;;;32;9;;;;;;;;;;
5 up;B;E56;1;14;14;;32;3;;EXT INT;;;;;;;;
5 up;B;E10;1;10;10;8;32;2;;EXT INT;GRASS;N UB;TW1;UB;;;;
5 up;B;E56;3;12;7;14;32;2;;EXT INT;GRASS;N C;;;;;;
5 up;B;S3;4;13;9;14;44;4;;EXT;GRASS;N;TW1;UB;;;;
5 up;B;E3;1;14;7;16;32;4;;L;GRASS;C N;;;;;;
5 up;B;E52;2;11;9;16;31;1;;L;GRASS;L C N;P W;N;;;;
5 up;B;E52;2;17;;16;32;2;L;L EXT;GRASS;C N;P W;C N;;;;
5 up;B;S1;2;7;10;16;31;1;;;GRASS;N UB;P W;L C N UB;;;;
5 up;B;S3;4;13;8;16;44;4;;EXT;GRASS;N UB;TW1;UB;;;;
5 up;B;E53;2;15;4;14;32;1;;L C;P W+B;C N UB;GRASS;C N UB;CSR7;UB;CCRY;MB
5 up;B;E10;2;14;11;8;32;10;0;0;PLAIN;;;;;;;
5 up;B;S2;4;13;11;12;32;1;;;TW4;N;;;;;;
5 up;B;S1;2;7;6;6;32;13;EXT;EXT INT;;;;;;;;
5 up;B;S1;2;10;10;20;32;1;0;0;GRASS;C;TW6;UB;;;;
5 up;B;S1;2;10;13;24;32;12;0;0;TW6;N U;;;;;;
5 up;B;E59;1;13;8;16;32;1;0;L EXT;P B;L C N;GRASS;N UB;P W;N UB;TW1;UB
5 up;B;S1;2;12;;;32;1;0;L;DC1;N;GRASS;;;;;
5 up;B;S1;2;4;5;;32;3;EXT;L N U;GRASS;N U;;;;;;
5 up;B;S1;2;5;5;;32;1;EXT;L NU;GRASS;N U;;;;;;
5 up;B;S1;2;9;10;;32;4;0;LNU;GRASS;NU;;;;;;
5 up;B;E55;1;15;6;16;31;2;0;L C N U;P B;L C N;GRASS;C N;;;;
5 up;B;S2;2;22;18;26;32;4;0;0;P W+B;L N U;TW1;N U;;;;
5 up;B;E63;1;15;9;16;32;13;0;L;PLAIN;;;;;;;
5 up;B;S1;4;12;;26;31;1;N;L N;PLAIN;L;TW1;N;;;;
5 up;B;E52;2;8;10;14;32;10;0;L C N U;P R;L C N;P W;C;;;;
5 up;B;E63;1;15;8;;31;13;0;L;PLAIN;;;;;;;
5 up;B;E7;1;9;;10;32;1;0;0;GRASS;C;;;;;;
5 up;B;E53;1;11;12;10;32;1;T/O;T/O;GRASS;C U;;;;;;
5 up;B;E53;2;9;12;16;31;9;EXT;L N U;GRASS;C;DC2;UB;P W-G;UB;P B-G;UB
5 up;B;E55;1;11;11;24;32;9;T/O;T/O;GRASS;C U;;;;;;
5 up;B;S9;2;8;5;12;32;1;EXT INT;EXT INT;DC2;N U;P B-G;N U;P W-G;U;;
5 up;B;D1;4;8;10;10;31;1;0;0;PLAIN;;;;;;;
5 up;B;S2;3;20;20;38;31;12;0;0;TW4;N U;;;;;;
5 up;B;E62;2;15;7;14;32;4;L;L;;;;;;;;
5 up;B;S2;2;10;13;;31;9;0;0;CH;N;;;;;;
5 up;B;E53;2;15;9;18;32;12;EROD;EROD;GRASS;C;;;;;;
5 up;B;E53;1;13;15;20;32;12;L;L;GRASS;C;;;;;;
5 up;B;S13;2;8;10;14;32;1;T/O;T/O;MCH;N;TW4;U;;;;
5 up;B;S1;4;7;9;14;32;1;0;0;SI1;N;P B-G;N;AP3;L;;
5 up;B;S16;2;23;16;42;31;1;0;0;TW6;N U;;;;;;
5 up;B;D1;3;10;12;8;31;1;0;0;;;;;;;;
5 up;B;E53;2;15;;;32;1;T/O;T/O;;;;;;;;
5 up;B;S2;3;20;20;40;31;8;0;0;TW4;U;;;;;;
5 up;B;S1;1;15;15;12;32;3;0;0;TW6;N;;;;;;
5 up;B;E55;1;14;10;24;32;1;INT;INT;;;;;;;;
5 up;B;B1;;15;;9;31;1;0;0;;;;;;;;
5 up;B;S2;2;15;25;38;31;9;0;0;TW4;N U;;;;;;
5 up;B;S2;2;13;10;28;31;1;0;0;CH;N;ICS7;L N U;;;;
5 up;B;S2;4;6;4;10;32;10;EXT;LNU;GRASS;T/O;;;;;;
5 up;B;S1;2;12;14;32;31;9;0;0;GRASS;U N;;;;;;
5 up;B;S1;4;9;9;32;31;12;0;0;GRASS;T/O;;;;;;
5 up;B;S2;4;7;8;10;31;1;0;0;SI3;U B;GRASS;N;CH;L;;
5 up;B;S2;2;22;20;38;32;13;0;0;TW4;N B;;;;;;
5 up;B;S2;3;20;17;48;32;13;0;0;TW4;N U;;;;;;
4/5;B;E57;1;10;9;28;32;10;0;0;GRASS;L C;TW6;N;ICS1;U;;
4/5;B;S1;2;8;8;14;32;10;0;L EXT;P B-W;;CH;L;TW6;N U;;
4/5;B;S2;2;20;16;36;32;12;0;0;TW12;N U;;;;;;
4/5;B;E54;2;14;7;14;32;2;INT;L U;TW6;L;GRASS;C;DC2;N U;;
5 low;B;E53;;14;10;22;44;3;0;EXT INT;P R-W;L;GRASS;C N;;;;
5 low;B;S1;3;8;14;18;32;1;0;EXT INT;PLAIN;;;;;;;
5 low;B;E54;1;14;9;18;32;1;0;EXT INT;TI1;L;GRASS;N U;P W-G;L U;CSR1;UB
5 low;B;D1;;8;13;6;32;5;0;0;;;;;;;;
5 low;B;D1;;10;11;10;31;1;0;0;;;;;;;;
5 low;B;E59;1;11;;20;31;1;L;L;;;;;;;;
5 low;B;S1;3;7;9;6;31;10;0;EXT;GRASS;N U;;;;;;
4;B;E58;2;9;10;8;32;10;0;0;GRASS;L N;PLAIN;U;;;;
4;B;S1;4;6;6;18;31;1;0;0;GRASS;L N;;;;;;
4;B;E62;2;10;7;18;31;1;L;L;TI1;L;;;;;;
4/5;B;S10;1;8;8;12;31;1;0;INT;DC2;L N;;;;;;
4/5;B;E58;3;10;11;34;31;1;0;0;GRASS;L N;;;;;;
4;B;S1;3;8;12;8;31;1;0;0;GRASS;L N;;;;;;
4/5;B;E57;3;5;9;10;31;9;0;0;GRASS;L N;;;;;;
4/5;B;S1;4;12;10;;21;2;0;0;GRASS;NU;;;;;;
4;B;E58;2;8;10;;31;9;0;0;PLAIN;;;;;;;
4;B;E51;2;8;5;14;31;1;0;0;GRASS;N U;;;;;;
4;B;E1;2;9;8;32;31;4;0;0;PLAIN;;;;;;;
4;B;E53;;11;;32;32;1;0;L;PLAIN;;;;;;;
4;B;S2;2;13;10;20;31;1;0;0;ICS4;L R;TW6;U;;;;
4;B;E52;;11;;;32;8;0;0;;;;;;;;
4;B;E1;;7;11;;44;8;0;0;GRASS;N;;;;;;
4;B;E3;;;;;32;9;0;EXT INT;P R;L;;;;;;
4;B;S2;2;15;12;22;31;10;0;EXT INT;P R-G;L R;P B-W;U;GRASS;U;;
4;B;S4;3;7;6;12;31;1;0;EXT INT;GRASS;N;P R-W;;;;;
4;B;E58;;8;;28;32;1;0;0;GRASS;L N;;;;;;
4;B;S1;3;11;11;24;31;10;0;EXT INT;MCH;N;P R-W;N U;;;;
4;B;E3;;11;;14;31;1;0;L R;PLAIN;N;;;;;;
4;B;E;;10;;;31;8;0;EXT;PLAIN;N;;;;;;
4;B;S1;3;10;;;31;1;0;0;TW1;N;;;;;;
4;B;E1;;10;;;31;1;0;0;;;;;;;;
4;B;S1;3;16;16;36;31;1;0;0;CH;N;;;;;;
4;B;E57;;11;;;31;9;0;0;EROD;N;;;;;;
4;B;E58;;11;;;31;9;0;0;GRASS;N;;;;;;
4;B;E1;;13;;16;31;1;0;0;;;;;;;;
4;B;E3;;10;;18;31;1;0;0;;;;;;;;
4;B;B1;;;;;31;1;0;0;;;;;;;;
4;B;E3;;13;;;31;8;0;0;;;;;;;;
4;B;E3;;;;;31;1;0;0;;;;;;;;
4;B;E53;2;11;8;16;31;1;0;EXT INT;DC2;C N U;CSR7;M;;;;
4;B;E51;1;16;9;18;31;1;0;L EXT;DC2;U;;;;;;
4;B;E57;;10;;;31;1;0;0;GRASS;C;;;;;;
4;B;E52;1;9;8;18;31;9;INT;EXT INT;P B-G;L;;;;;;
4;B;B2;;;;;31;1;0;0;;;;;;;;
4;B;BASE;;;;;31;1;0;INT;;;;;;;;
4;B;E57;;6;;;31;1;0;0;GRASS;C;;;;;;
4;B;E51;;10;;8;31;1;L;L;P W-W;C;;;;;;
3 up;B;S1;1;8;7;14;31;8;0;0;GRASS;N;TW12;U;;;;
3 up;B;E52;2;11;6;10;44;4;0;L;MCH;N;CCRY;U M;;;;
4;B;S1;2;8;8;16;31;9;0;0;CH;N;CCRY;U;P R-W;N U;;
4;B;S1;2;7;6;12;31;1;L EXT;EXT INT;DC2;N U;;;;;;
4;B;E3;1;11;8;8;31;8;L;EXT INT;;;;;;;;
3/4;B;E53;2;11;13;16;44;3;L;L;CH;U;;;;;;
3/4;B;S1;2;8;9;12;32;1;L EXT;EXT INT;GRASS;N U;;;;;;
3/4;B;S1;2;7;6;;31;1;L;0;GRASS;N U M;;;;;;
3/4;B;E3;2;10;7;12;31;1;L;0;P R-G;L;P W-G;C;P R-W;U;P W-W;M
3/4;B;E51;2;13;6;12;44;3;L;INT;P W-G;C;DC2;N;TW4;U;;
3/4;B;S1;2;8;7;8;44;3;0;EXT INT;PLAIN;N U M;;;;;;
3/4;B;E52;1;9;5;14;31;1;0;L;PLAIN;C U;;;;;;
3/4;B;E52;2;10;;16;31;8;0;0;PLAIN;C;;;;;;
3/4;B;B1;;;;;31;1;0;0;PLAIN;B;;;;;;
3/4;B;S1;2;8;7;;44;3;0;EXT INT;PLAIN;N U M;;;;;;
3/4;B;S2;3;11;;;31;12;0;EXT;PLAIN;N;;;;;;
3/4;B;B3;;;;;31;12;0;INT;TW6;B;;;;;;
3/4;B;E59;2;8;6;14;31;1;L;EX;GRASS;N U;;;;;;
3/4;B;B1;;;;;31;1;0;EXT INT;PLAIN;B;IMP1;B;;;;
3/4;B;S1;2;7;7;12;32;1;INT;0;ICS7;N;ICS1;U;;;;
3/4;B;S2;3;5;7;12;21;10;INT;0;ICS7;N;ICS1;U;;;;
3/4;B;S1;2;8;7;16;21;1;0;0;ICS7;N;TI8;U;;;;
3/4;B;E70;1;9;7;12;31;8;L EXT;L;P W-W;C;;;;;;
3/4;B;E57;2;6;12;8;32;9;0;0;SI3;C;;;;;;
3 up;B;B4;;;7;;32;12;0;0;CCRY;B;;;;;;
3 up;B;S1;2;14;9;20;13;1;0;0;CSR7;N U;;;;;;
3 up;B;E52;2;8;11;20;32;12;L;L;GRASS;C N U;;;;;;
3 up;B;E52;1;9;8;12;31;4;0;EXT;P B-W;L N;GRASS;U;;;;
3 up;B;S1;2;15;8;26;31;3;L;L;P B-W;N;GRASS;N;P W-G;U;TW6;U M
3 up;B;E68;1;11;7;18;31;1;L;L;P W-W;C;;;;;;
3 up;B;E58;2;14;14;10;32;12;0;0;PLAIN;;;;;;;
3 up;B;S2;3;23;23;40;32;1/8;0;0;TW4;N U;;;;;;
3/4;B;E68;2;12;9;14;32;1;L;L;GRASS;U;CCRY;M;;;;
3/4;B;E68;1;10;9;16;32;1;0;EXT;GRASS;N U;CCRY;M;;;;
3/4;B;E68;2;9;6;12;32;10;L;L;P W-W;C;GRASS;C U;;;;
3/4;B;E68;1;12;8;16;31;12;L;L;P W-W;C;P B-W;U;GRASS;U;;
3/4;B;S1;1;8;8;10;32;12;0;0;PD/O;U;;;;;;
3 up;B;S1;4;20;19;38;31;9;0;0;CCRY;N;;;;;;
3 up;B;L1;6;23;20;50;32;8;INT;0;CCRY;U;;;;;;
3 up;B;S2;3;18;21;32;31;12;0;0;CSR1;N;;;;;;
3 up;B;S2;3;9;9;8;31;12;0;0;GRASS;L N;;;;;;
3 up;B;S2;3;8;7;12;31;1;INT;0;GRASS;N;;;;;;
3 up;B;S2;2;10;10;18;31;13;0;0;GRASS;N;;;;;;
3 up;B;L2;6;6;7;16;31;1;L INT;EXT;P W-G;N U;;;;;;
3 up;B;E67;3;14;9;8;32;1;0;0;PLAIN;L C N;;;;;;
3 up;B;B5;;8;7;;32;9;0;0;PLAIN;;;;;;;
3 up;B;E92;;8;10;;44;10;0;0;PLAIN;;;;;;;
3 up;B;S2;3;17;7;24;31;9;0;0;TW6;L N U;;;;;;
3 up;B;S2;3;7;6;24;31;13;N U;0;DC2;L U;;;;;;
3 up;B;S1;4;16;17;40;31;12;0;0;EROD;N U;;;;;;
3 up;B;S1;4;7;6;2;31;13;L INT;0;GRASS;N U M B;P R;L;;;;
3 up;B;E53;1;8;7;8;32;13;0;0;GRASS;C N;;;;;;
3 up;B;S2;2;9;8;10;31;12;T/O;0;GRASS;L N U;P W;L N U;P B;N U;;
3 up;B;S2;4;10;9;10;31;10;0;INT;GRASS;L N U;P R-W;L N U;CSR8;B;;
3 up;B;S1;3;7;7;12;31;13;L INT;0;GRASS;N U;;;;;;
3 up;B;E52;2;7;;10;31;1;L INT;0;P W-W;;;;;;;
3 up;B;B6;;;8;7;31;9;0;INT;PLAIN;;;;;;;
3 up;B;E59;1;10;9;16;32;13;L;0;PLAIN;C;GRASS;U;;;;
3 up;B;E71;1;10;8;8;32;1;0;L U;TW4;U;P W-W;;;;;
3 up;B;S2;3;6;6;10;31;1;0;0;TW4;N U M B;;;;;;
3 up;B;S1;2;17;21;28;31;12;0;0;TW4;N U M B;GRASS;L;;;;
3 up;B;E90;6;21;17;50;31;12;L INT;0;TW4;L;;;;;;
3 up;B;S2;2;6;6;;32;8;0;E;TW4;N;EROD;U;;;;
3 low;B;S1;1;16;17;32;32;12;0;0;P W-G;L;TW4;N;;;;
3 low;B;B6;;7;;7;32;8;0;EXT;PLAIN;;;;;;;
3 up;B;S1;1;6;5;10;31;8;0;0;CSR8;N U;;;;;;
3 up;B;E68;2;9;5;12;31;8;L EXT;L EXT;DC2;N U;P W-G;N U;P R-G;N U;;
3 up;B;S1;2;8;9;14;32;13;0;EXT INT;ICS1;N U;CH;N;GRASS;L;;
3 up;B;E56;2;8;8;28;32;1;L INT;L INT;P W-G;L C N;P B-G;N;;;;
3 up;B;E68;2;10;5;14;31;1;0;L;P W-W;C;;;;;;
3 up;B;E58;4;9;7;8;31;12;0;0;PLAIN;T/O;;;;;;
3 up;B;S1;2;8;6;16;31;12;0;EXT INT;TW4;N;ICS1;U;;;;
3 up;B;E53;2;9;11;26;31;8;L;L U;GRASS;N U;;;;;;
3 up;B;S1;2;11;11;26;32;1;0;0;GRASS;N U;;;;;;
3 up;B;S2;4;11;10;42;32;1;0;EXT;GRASS;N U;;;;;;
3 up;B;S2;2;7;6;12;32;1;0;0;PD/O;T/O;;;;;;
3 up;B;E58;5;11;16;40;32;9;0;0;PLAIN;T/O;;;;;;
3 up;B;S1;2;10;8;14;32;13;L U;L EXT;GRASS;N U M;P W-W;N U M;P B-W;N U M;;
3 up;B;E68;2;10;8;12;32;1;0;L;P W-G;C;P B;N;;;;
3 up;B;S1;1;7;5;10;31;8;0;0;PD/O;N M;GRASS;L N;;;;
3 up;B;S1;1;7;5;10;31;8;0;0;PD/O;N U;GRASS;L N;;;;
3 up;B;S1;1;7;5;10;31;8;0;0;PD/O;N U;GRASS;L N;;;;
3 up;B;E58;4;7;8;22;32;1;0;0;PLAIN;T/O;;;;;;
3 up;B;S1;3;20;22;;32;13;0;0;PLAIN;L;GRASS;N;CCRY;U;;
3 up;B;E58;4;7;10;14;32;9;0;0;TI1;N;ICS1;U;;;;
3 up;B;S2;3;8;8;28;31;12;0;0;TW14;N;CCRX;U;;;;
3 up;B;S2;3;8;8;28;31;12;0;0;TW14;N;CCRX;U;;;;
3 up;B;E62;1;12;9;8;32;8;0;INT;CH;L;;;;;;
3 up;B;L1;6;11;9;16;31;4;0;EXT;GRASS;N;;;;;;
3 up;B;S1;2;18;11;28;32;4;L;L N;GRASS;N;CCRY;U;;;;
3 up;B;S1;2;8;8;14;32;1;L;EXT INT;P B-W;N;;;;;;
3 up;B;E59;1;8;6;18;31;1;L;T/O;P W-W;C;;;;;;
3 up;B;E3;1;8;9;8;32;13;0;T/O;;;;;;;;
3 up;B;E68;1;8;9;8;32;8;0;EXT INT;;;;;;;;
3 up;B;E52;2;8;;18;32;1;L;L;P B-W;L N;P W-W;C;;;;
3 up;B;F6;;;;;32;8;0;0;PLAIN;;;;;;;
3 up;B;S1;2;7;7;14;32;1;0;0;TW6;;;;;;;
3 up;B;E68;1;10;;16;31;1;0;L EXT;PLAIN;;;;;;;
3 up;B;E58;2;8;9;18;32;4;0;L EXT;GRASS;L N;EROD;U N;;;;
3;B;E68;1;11;10;18;32;1;L;L EXT;GRASS;N U;;;;;;
3;B;S1;2;13;16;34;32;9;0;T/O;GRASS;N U;CCRY;U;;;;
3;B;S1;2;14;18;50;32;2;0;T/O;GRASS;N;CSR7;U;;;;
3;B;E3;1;11;4;12;32;4;L;L;P B-W;C;;;;;;
3;B;E53;2;7;7;20;31;10;L;T/O;P B-W;L N;P W-W;C;GRASS;N;;
3;B;E3;2;9;8;20;32;8;0;T/O;P R-W;L;GRASS;N U;P W-W;N U;P B-G;U
3;B;E3;2;6;7;6;32;13;0;L EXT;P W-W;C;EROD;N;;;;
3;B;E57;1;11;14;26;32;9;0;T/O;PLAIN;L C N;EROD;N;;;;
3;B;S18;2;12;8;20;32;1;0;T/O;TW4;U;P B-W;N;P W-W;L N;;
3;B;S1;2;8;5;14;31;1;0;INT;TW6;N;TW12;U;;;;
3;B;S2;2;7;6;14;32;1;0;T/O;TW6;N U;;;;;;
3;B;E58;2;9;18;30;31;4;0;T/O;GRASS;L C;;;;;;
3;B;S1;2;16;19;48;32;2;0;INT;GRASS;N;CSR8;N U;CCRY;U;;
3;B;E68;2;11;6;10;32;8;L;EXT;P W-W;C;GRASS;N U;;;;
3;B;L2;6;6;6;10;31;8;0;INT;P W-W;T/O;P B-G;T/O;;;;
3;B;S2;4;16;17;;32;12;N U;INT;TW12;N U;;;;;;
3 low;B;S1;1;15;16;36;32;1;0;0;CH;N;CSR7;U;;;;
3 low;B;S1;1;7;8;10;21;13;0;0;CSR8;N U;;;;;;
3 low;B;E91;4;24;14;22;21;3;0;0;GRASS;N;TW6;U;;;;
3 low;B;E53;1;10;10;18;32;1;L;L EXT;P W-W;C;GRASS;U;;;;
3 low;B;E53;2;8;9;20;32;9;L;L EXT;P W-W;C;GRASS;U;;;;
3 low;B;E53;1;10;6;18;32;9;L;L EXT;;;;;;;;
3/4;B;S1;2;18;24;;31;10;0;0;TW4;UM;;;;;;
3/4;B;E68;1;10;7;16;32;12;L;L EXT;;;;;;;;
3 low;B;E8;2;8;9;16;32;8;0;0;GRASS;U;TW9;U;;;;
3 low;B;E52;1;13;9;15;32;1;L;L EXT;P W-W;C;GRASS;U;;;;
3 low;B;E58;1;24;15;26;32;9;0;0;TW6;U;;;;;;
3 low;B;E58;2;14;;18;32;1;0;0;;;;;;;;
3 low;B;E81;1;6;9;16;32;1;0;0;GRASS;C;TI8;N;;;;
3 low;B;E10;2;16;;26;32;4;0;0;GRASS;C;TI8;N;;;;
3 low;B;E57;2;11;10;10;32;4;0;0;PLAIN;;;;;;;
3 low;B;S1;2;10;8;24;32;9;EXT INT;EXT INT;CH;N;;;;;;
3 low;B;S2;2;8;7;12;32;4;0;0;EROD;;;;;;;
3 low;B;B9;;8;;8;32;1;EXT;EXT;GRASS;;P B-G;;;;;
3 low;B;S1;2;8;8;14;32;1;INT;EXT INT;GRASS;U;;;;;;
3 low;B;S1;11;15;16;14;32;13;0;INT;GRASS;N;CCRY;U;;;;
3 low;B;S1;2;8;10;10;32;2;0;INT;MCH;N U;CCRY;U;P R-W;N U;;
3 low;B;E3;1;12;7;12;32;8;L;L;P B-W;C N;GRASS;U;;;;
3 low;B;E53;2;15;14;18;32;2;L;L;P W-W;L C N;GRASS;U;;;;
3 low;B;S2;3;8;11;8;32;9;0;0;PLAIN;;;;;;;
3 low;B;S1;2;9;6;8;32;1;0;INT;CH;N;GRASS;U;P W-W;U;;
3 low;B;S1;1;7;7;14;32;4;L;L;GRASS;U;P W-W;U;P B-G;U;;
3 low;B;S1;4;7;8;20;32;1;0;0;GRASS;INT EXT;;;;;;
3 low;B;S1;2;13;12;26;32;3;0;0;GRASS;U;;;;;;
3 low;B;E81;2;11;9;32;32;13;0;0;GRASS;C N;;;;;;
3 low;B;S1;1;10;7;14;32;1;L;L EXT;MCH;N U;;;;;;
3 low;B;E53;1;13;8;12;32;12;L;L;P B-W;L N;P W-W;C;GRASS;N;;
3 low;B;E56;2;15;11;10;32;8;L;L;P W-W;C M;GRASS;N U;GRASS;U;CCRY;M
3 low;B;E56;2;11;6;12;32;8;L;EXT INT;P W-W;C;GRASS;N;;;;
3 low;B;E53;1;13;8;16;32;1;L;EXT INT;P W-W;C;P B-W;L N;;;;
3 low;B;S2;2;10;12;14;32;2;0;0;TW6;N;ICS1;U;;;;
3 low;B;E11;2;11;;18;32;1;0;0;;;;;;;;
3 low;B;S1;2;17;20;32;32;1;0;0;MCH;;;;;;;
3 low;B;S7;4;11;7;22;32;2;0;EXT INT;MCH;;;;;;;
3 low;B;S2;2;7;10;;32;1;L INT;EXT INT;GRASS;;;;;;;
3 low;B;E53;2;8;;18;32;1;L;L INT EXT;;;;;;;;
3 low;B;E53;2;8;;18;32;2;L INT;L INT EXT;;;;;;;;
3 low;B;E53;2;8;;18;32;;0;0;;;;;;;;
2;B;B7;;9;7;10;32;13;EXT;EXT INT;CCRY;;;;;;;
2;B;D5;3;11;12;12;32;1;0;EXT;CCRY;U M;;;;;;
2;B;S1;1;8;11;14;32;1;0;0;CCRY;N;ICS1;U;;;;
2;B;S2;4;12;6;28;32;8;0;INT;CCRY;N U;;;;;;
2;B;S1;1;9;7;10;32;1;N;N;CH;N;GRASS;N U;P W-W;U;P B-G;U
2;B;E81;2;10;7;18;32;1;0;0;EROD;U;;;;;;
2;B;E81;2;12;9;20;32;8;0;0;EROD;U;;;;;;
2;B;S1;2;10;11;24;32;8;0;0;EROD;U;GRASS;INT;;;;
2;B;E3;1;16;8;10;32;2;L INT;EXT INT;GRASS;C N;P W-W;C;;;;
2;B;S16;1;14;9;12;32;13;0;INT;GRASS;N;CSR1;U;;;;
2;B;S7;4;9;7;12;32;8;0;0;GRASS;N U;CCRY;U M;;;;
2;B;E53;1;11;13;14;32;1;L EXT;L EXT;GRASS;N U;;;;;;
2;B;E1;2;7;11;18;32;8;0;EXT INT;GRASS;C;TW7;N;;;;
2;B;E56;2;11;;18;32;9;EXT;EXT;GRASS;N U;;;;;;
2;B;E81;2;13;9;18;32;1;0;0;GRASS;C;;;;;;
2;B;S1;4;13;8;20;32;2;L;EXT INT;GRASS;N;CCRY;U;;;;
2;B;S19;1;11;11;20;32;2;INT;0;GRASS;N;TW6;U;CSR1;U;;
2;B;E5;2;20;20;26;32;8;0;0;GRASS;C;TW6;N;ICS1;U;;
2;B;S7;4;8;9;26;32;1;0;0;GRASS;N U;P W-W;N U;;;;
2;B;E81;2;20;11;28;32;4;0;L EXT;GRASS;C;TW6;N;ICS1;U;;
2;B;S1;2;14;10;34;32;13;L;INT;GRASS;N U;CSR1;U;;;;
2;B;E1;2;11;9;16;32;2;0;0;ICS1;N;;;;;;
2;B;E93;2;19;10;24;32;13;0;0;ICS1;U;;;;;;
2;B;S1;2;7;7;14;32;12;0;0;ICS3;N;CSR1;U;;;;
2;B;E52;2;18;18;46;32;8;0;INT;ICS7;N U;GRASS;L;;;;
2;B;S2;2;9;6;12;32;12;0;L INT;P B-W;N U;MCH;N U;;;;
2;B;E56;2;10;8;16;32;2;INT;L INT;P B-W;L C;CCRY;N;;;;
2;B;E56;2;9;5;16;32;1;INT;INT;P B-W;L C;P W-W;C;;;;
2;B;E53;1;10;7;22;31;9;L;L;P B-W;C N U;GRASS;N U;;;;
2;B;E56;2;10;5;26;32;2;INT;INT;P B-W;L C;P W-W;C;;;;
2;B;L1;4;9;11;24;32;1;EXT INT;INT;P W-G;N U;;;;;;
2;B;E3;1;8;7;8;32;1;L;EXT INT;P W-W;L C;;;;;;
2;B;E56;2;12;7;14;32;1;0;INT;P W-W;C N;CCRY;N U;;;;
2;B;E56;1;9;8;18;32;2;L;L;P W-W;C;GRASS;N;;;;
2;B;E56;1;10;13;18;32;1;INT;INT;P W-W;C;;;;;;
2;B;S2;1;8;11;24;32;1;0;EXT;P W-W;L;P W-G;N U;;;;
2;B;B7;;6;;7;32;8;INT;INT;PLAIN;;;;;;;
2;B;B9;;8;;8;32;4;EXT;EXT;PLAIN;;;;;;;
2;B;E11;2;8;10;8;32;12;L;L;PLAIN;;;;;;;
2;B;S1;1;7;6;10;32;1;0;EXT;PLAIN;N;CSR1;U;;;;
2;B;S1;2;9;7;10;32;1;0;0;PLAIN;;;;;;;
2;B;S19;1;10;14;20;32;8;0;0;PLAIN;;;;;;;
2;B;S1;;9;7;;32;1;0;EXT INT;PLAIN;;;;;;;
2;B;B6;;17;;8;31;9;B;B;RSO;;;;;;;
2;B;S19;1;10;6;16;32;8;0;0;TW1;U;;;;;;
2;B;E1;2;8;8;18;32;1;0;0;TW1;C N;CSR1;U;;;;
2;B;S16;2;12;8;10;32;4;0;0;TW12;N;PLAIN;U;;;;
2;B;S1;2;11;12;18;32;13;0;0;TW12;N;ICS1;U;;;;
2;B;S1;2;8;8;16;32;8;INT;0;TW4;N U;;;;;;
2;B;E2;2;15;10;18;32;9;0;0;TW4;N U;;;;;;
2;B;S1;1;7;12;20;32;12;0;0;TW4;N;ICS1;U;;;;
2;B;S1;1;11;14;24;32;2;0;0;TW4;N;EROD;U;;;;
2;B;E57;2;5;10;14;32;3;0;0;TW6;N;;;;;;
2;B;E81;2;14;;16;32;1;0;0;TW6;N U;;;;;;
2;B;S1;1;14;8;;32;13;0;L INT;TW6;U;;;;;;
2;B;S19;1;11;16;14;32;8;0;0;TW7;N;CSR7;U;ICS1;U;;
2;B;BT3;;10;14;4;32;1;INT;EXT INT;;;;;;;;
3 low;B;S2;2;20;20;42;32;12;0;0;TW6;N U;;;;;;
3 low;B;S1;1;17;17;22;32;10;0;0;CH;N;CH;N;TW6;U;;
3 low;B;B8;;10;;10;32;10;0;0;PLAIN;;;;;;;
3 low;B;D3;3;11;12;10;31;8;0;0;PLAIN;;;;;;;
3 low;B;E93;2;19;11;14;32;1;0;0;TW6;N U;;;;;;
3 low;B;E53;1;10;10;10;32;1;L;L;P W-W;C;P R-W;U;GRASS;U;;
3 low;B;S16;2;100;8;12;32;8;0;0;TW4;N;ICS1;U;;;;
3 low;B;S19;2;9;8;16;32;1;0;0;TW6;N U;ICS1;U;;;;
2;B;E3;1;15;7;10;32;1;0;L N;CCRY;N U;;;;;;
2;B;S2;2;8;8;18;32;1;0;0;CSR6;U;;;;;;
2;B;S2;2;9;7;10;32;1;INT;L INT;GRASS;N U;;;;;;
2;B;S1;3;18;12;22;32;8;0;0;MCH;N;CCRY;U;;;;
2;B;E56;1;12;9;20;32;4;INT;INT;P B-W;L N;P W-W;C;GRASS;N;;
2;B;E56;1;14;8;16;32;1;INT;L INT;P R-W;C;P W-W;N;;;;
2;B;E56;2;12;7;16;32;10;INT;L INT;P W-G;C N;P B-G;N;;;;
2;B;E59;1;15;8;10;32;13;0;L C;P W-W;N;P R-W;U;GRASS;U;;
2;B;E68;1;15;10;12;32;1;0;L INT;P W-W;N;P B-W;U;GRASS;U;;
2;B;E56;2;11;13;28;32;1;INT;INT;P W-W;C;;;;;;
2;B;E69;2;11;11;;32;1;0;L INT;P W-W;N;;;;;;
2;B;E56;1;8;9;24;32;8;0;INT;PLAIN;;;;;;;
2;B;E1;2;10;10;;32;;INT;INT;PLAIN;;;;;;;
2;B;E2;;9;11;;32;12;0;0;TW1;U;ICS7;U;;;;
2;B;S1;3;9;9;12;32;1;0;0;TW4;N U;;;;;;
2;B;S1;1;11;8;20;32;1;0;0;TW4;N U;;;;;;
2;B;E71;1;13;10;30;32;13;L;0;TW6;U;;;;;;
2;B;S16;3;20;6;32;32;8;0;0;TW6;U;;;;;;
2;B;E81;;10;14;;32;12;0;0;TW6;;;;;;;
2;B;S2;1;8;10;;32;10;0;0;TW6;N;;;;;;
2;B;S1;1;11;8;12;32;4;0;0;TW7;N;ICS2;U;;;;
2;B;E56;2;10;9;20;32;8;0;L;;;;;;;;
2;B;S2;1;8;11;20;32;8;0;L;;;;;;;;
2;B;B8;;;;;32;3;0;0;;;;;;;;
2;B;E69;2;;;;;;;INT;;;;;;;;
2;B;S1;2;17;12;42;32;1;0;EXT;MCH;N;CCRY;U;;;;
2;B;E56;2;12;10;18;32;1;INT;INT;P B-W;C;;;;;;
2;B;E56;2;12;9;14;32;1;INT;L INT;P W-W;N;;;;;;
2;B;E3;1;19;8;18;32;8;0;L;P W-W;C;P R-W;N;CCRY;U;;
2;B;E69;1;10;10;18;32;1;INT;INT;P W-W;N;;;;;;
2;B;E69;;10;9;;32;1;INT;INT;P W-W;N;;;;;;
2;B;E7;2;10;9;;32;1;L INT;L INT;P W-W;N;;;;;;
2;B;E56;1;11;6;12;32;1;0;0;PLAIN;;;;;;;
2;B;E56;1;14;7;14;32;10;0;L INT;PLAIN;U;;;;;;
2;B;E56;1;10;10;16;32;8;0;L INT;PLAIN;;;;;;;
2;B;E56;1;12;6;18;32;1;INT;INT;PLAIN;;;;;;;
2;B;E57;2;6;11;26;32;4;0;0;PLAIN;;;;;;;
2;B;E70;;18;7;;32;8;INT;0;PLAIN;;;;;;;
2;B;S2;2;11;8;16;32;1;0;0;TW4;M;ICS4;N U;;;;
2;B;S1;1;12;9;;32;1;0;0;TW4;U;;;;;;
2;B;S2;2;10;11;;32;13;0;0;TW4;N U;;;;;;
2;B;S1;2;9;8;20;32;1;0;0;TW7;U;;;;;;
2;B;S2;1;8;9;20;32;4;0;0;TW7;N;TW4;N;ICS1;U;;
2;B;E52;2;20;7;10;32;3;INT;L;P R-G;L;P W-W;N;GRASS;N;;
2;B;E81;2;17;10;6;32;1;INT;L INT;P W-W;N;GRASS;N;P B-W;U;;
2;B;E53;1;12;7;16;32;1;0;L;P W-W;N;P R-W;U;GRASS;U;CCRY;U M
2;B;S1;1;19;18;40;32;4;INT;0;PLAIN;N;CSR6;U;;;;
2;B;S1;1;14;12;;32;8;0;0;PLAIN;;;;;;;
2;B;S1;3;8;8;20;32;1;INT;0;TI8;N;EROD;U;;;;
2;B;S19;1;8;6;22;32;1;0;0;TW1;N U;GRASS;N U;ICS1;U;;
2;B;S1;3;10;9;;32;1;0;0;TW4;N;EROD;U;;;;
2;B;S1;2;20;22;38;32;9;0;0;CH;N;CCRY;U;;;;
2;B;S2;2;12;13;12;32;10;EXT INT;EXT INT;GRASS;N;P W-W;N;;;;
2;B;B7;;6;;12;32;13;0;0;PLAIN;;;;;;;
2;B;E2;2;9;;16;32;10;0;0;PLAIN;;;;;;;
2;B;E56;2;11;;;32;1;L;L;PLAIN;;;;;;;
2;B;S2;3;8;8;16;32;10;0;0;TW6;N U;;;;;;
2;B;S1;4;9;9;20;32;1;0;0;TW6;N U;;;;;;
2;B;S1;2;7;8;10;31;10;0;0;TW7;N;ICS1;U;;;;
2;B;S19;2;8;10;14;32;1;0;0;PLAIN;;;;;;;
2;B;S1;2;8;6;20;32;4;L INT;EXT INT;CH;N;GRASS;N U;P R-W;N U;;
2;B;S19;2;9;9;16;32;1;0;0;GRASS;N;ICS1;U;CH;L;;
2;B;S1;2;8;8;18;32;8;0;EXT INT;GRASS;N;;;;;;
2;B;E1;2;10;7;;32;1;0;EXT INT;GRASS;C;TW12;N;ICS1;U;;
2;B;S1;1;9;9;19;32;1;0;L INT;ICS6;N;EROD;U;;;;
2;B;E3;2;11;;18;32;2;0;L;PLAIN;;;;;;;
2;B;S1;2;9;11;22;32;2;INT;0;TW4;N U;;;;;;
2;B;E56;2;9;6;20;32;1;L INT;EXT INT;P B-W;L;P W-W;C;;;;
1/2;B;E90;;10;11;40;32;13;0;E;CCRY;;;;;;;
1/2;B;S2;4;4;4;20;32;8;0;L INT;CSR6;N U;;;;;;
1/2;B;S2;1;11;10;10;32;1;0;0;CSR7;N U;;;;;;
1/2;B;B8;;9;;10;32;8;EXT;EXT INT;EROD;;;;;;;
1/2;B;S2;2;8;6;12;32;1;L INT;L INT;GRASS;N U;;;;;;
1/2;B;S2;2;10;7;14;32;1;L;L EXT;GRASS;N U;;;;;;
1/2;B;S2;2;10;7;16;32;1;L EXT;0;GRASS;N U;;;;;;
1/2;B;S18;2;13;15;26;32;2;L;L;GRASS;N U;CCRY;U;;;;
1/2;B;E56;2;9;11;20;32;12;INT;EXT INT;P B-W;L;P W-W;C;;;;
1/2;B;E70;1;13;;24;32;1;INT;EXT INT;P B-W;L;P W-W;C;;;;
1/2;B;B8;;8;;8;32;8;0;EXT INT;PLAIN;;;;;;;
1/2;B;S1;1;9;9;;32;8;0;0;PLAIN;N;EROD;U;;;;
1/2;B;S2;2;8;7;10;32;1;0;0;TW6;N U;;;;;;
1/2;B;S1;2;9;8;18;32;1;0;EXT INT;TW6;N;EROD;U;;;;
1/2;B;S2;1;14;10;30;32;2;0;0;TW6;N;EROD;U;;;;
1/2;B;S1;2;9;8;22;32;13;0;EXT INT;TW6;N;ICS1;U;;;;
1;B;S1;;14;16;;32;9;0;INT;CH;N;CCRY;U M;;;;
1;B;S1;4;7;8;16;32;3;0;INT;CSR6;N U;;;;;;
1;B;E93;2;10;9;14;32;13;0;L EXT;GRASS;C;TW6;N;;;;
1;B;S1;2;7;9;14;32;3;0;0;GRASS;N;TW12;N;EROD;U;;
1;B;S2;2;10;9;14;32;2;0;INT;GRASS;N U M;P W-W;N U;P B-W;N U;CCRY;M
1;B;E57;2;11;12;16;32;8;0;0;GRASS;C;TW12;N;;;;
1;B;E93;2;11;10;16;32;13;0;E;GRASS;C;TW6;N;;;;
1;B;E93;2;12;7;16;32;8;0;0;GRASS;C;TW6;N U;;;;
1;B;S1;1;8;10;16;32;3;L INT;EXT INT;GRASS;N;P B-W;N;;;;
1;B;S1;1;9;9;18;32;3;L INT;EXT INT;GRASS;N U;;;;;;
1;B;S1;2;9;9;18;32;10;L INT;EXT INT;GRASS;N U;;;;;;
1;B;E1;2;5;;20;32;8;0;0;GRASS;C;;;;;;
1;B;S1;2;9;8;20;32;2;L INT;EXT INT;GRASS;N;P R-W;N U;;;;
1;B;S1;2;11;12;24;32;2;L INT;EXT INT;GRASS;N U;P R-W;N U;;;;
1;B;E57;2;15;15;30;32;3;0;0;GRASS;C;TW6;N;;;;
1;B;S1;2;10;16;36;32;3;L INT;L;GRASS;N U;P B-W;N U;;;;
1;B;S2;2;9;7;18;32;1;0;0;MCH;N U;;;;;;
1;B;E52;1;14;12;8;32;1;L;L;P B-W;L;P W-W;C;;;;
1;B;E56;2;10;7;12;32;1;L;L;P B-W;L C;;;;;;
1;B;E56;;19;;12;32;3;L;L;P B-W;L;P W-W;C;;;;
1;B;E56;2;12;9;14;32;3;L INT;L INT;P B-W;L;P W-W;C;;;;
1;B;E68;1;9;9;16;32;4;L;L EXT;P B-W;L N;P W-W;C N;GRASS;N;;
1;B;E68;1;11;6;16;32;4;L;L EXT;P B-W;L N;P W-W;C N;GRASS;N;;
1;B;E68;1;14;6;16;32;8;L;L;P B-W;C;;;;;;
1;B;S1;;5;8;16;32;13;0;EXT INT;P B-W;L;P B-G;N U;CSR7;N U;;
1;B;E59;2;11;10;20;32;1;L INT;L INT;P B-W;L;P W-W;C;;;;
1;B;E68;1;12;10;14;32;1;L;L EXT;P R-W;L;P W-W;C N;P B-W;N U;GRASS;N U
1;B;E56;2;9;5;;32;12;L;L;P R-W;L;P W-W;C;;;;
1;B;E52;1;12;9;16;32;2;L;L EXT;P W-W;C;;;;;;
1;B;F7;;6;;4;32;13;0;EXT;PLAIN;;;;;;;
1;B;B7;;7;7;10;32;2;INT;EXT INT;PLAIN;;;;;;;
1;B;E1;2;5;;16;32;8;EXT INT;0;PLAIN;;;;;;;
1;B;S5;2;7;5;20;32;12;EXT INT;EXT INT;RSO;U N;;;;;;
1;B;S2;2;9;7;14;32;1;0;L INT;TW1;N;;;;;;
1;B;B6;;11;9;8;32;1;0;0;TW4;B;;;;;;
1;B;S1;2;9;9;0;32;8;0;0;TW6;N;EROD;U;;;;
1;B;E93;2;10;8;10;32;8;0;0;TW6;N U;;;;;;
1;B;E93;2;12;7;14;32;13;0;0;TW6;N U;;;;;;
1;B;E93;2;14;10;14;32;8;0;0;TW6;N;;;;;;
1;B;E93;2;11;8;16;32;4;0;EXT;TW6;N U;;;;;;
1;B;S2;2;9;7;18;32;10;INT;0;TW6;N;EROD;U;;;;
1;B;E57;2;13;16;26;32;3;0;0;TW6;N;;;;;;
1;B;S1;2;4;9;;32;8;0;EXT INT;TW6;U;;;;;;
1;B;S1;1;10;10;10;32;3;L;0;TW7;N;ICS1;U;;;;
1;B;S1;1;12;10;10;32;13;0;INT;TW7;N;ICS1;N U;;;;
1;B;S1;1;9;8;14;32;3;L INT;0;TW7;N;ICS1;U;;;;
1;B;S1;1;9;8;14;32;1;L;0;TW7;N;ICS1;U;;;;
1;B;S1;1;11;10;;32;3;0;0;TW7;N;TI1;N;ICS1;U;;
1;B;S1;;10;10;;32;8;0;0;TW7;N;ICS1;U;;;;
1;B;E57;2;14;10;18;32;13;0;0;TW6;N U;;;;;;
1;B;E80;2;13;16;14;32;32;0;0;CCRY;U;;;;;;
1;B;E3;1;13;11;16;32;10;0;0;CCRY;N U;;;;;;
1;B;E5;2;14;18;20;32;10;L;L;CCRY;N U;;;;;;
1;B;E56;2;12;11;18;32;12;C;L;CSR1;N U;;;;;;
1;B;S1;2;12;11;24;32;12;L INT;L INT;CSR7;U;;;;;;
1;B;S18;2;10;9;14;32;9;L INT;L INT;GRASS;N U;;;;;;
1;B;E53;1;9;11;12;32;9;L;L;MCH;N U;P R-W;N U;;;;
1;B;S2;2;9;8;12;32;12;0;0;MCH;N U;;;;;;
1;B;S1;2;14;14;28;32;1;0;0;MCH;U;CCRY;U M;;;;
1;B;S2;1;11;11;12;32;13;0;0;P R-W;N U;GRASS;N;CSR7;U;;
1;B;S2;3;11;10;16;32;10;L INT;L INT;P R-W;N U;GRASS;N U;;;;
1;B;S1;3;10;8;26;32;1;L INT;L INT;P R-W;N U;GRASS;N U;CCRY;U M;;
1;B;S1;2;15;14;30;32;9;0;0;P R-W;EXT;MCH;N U;CCRY;U M;;
1;B;F4;;10;;IRREG;32;10;;;P R-W;;P W-G;;;;;
1;B;E68;2;10;7;8;32;1;L;L;P W-W;C;TW6;N U;;;;
1;B;E68;2;12;8;8;32;1;L;L;P W-W;C;TW6;N U;;;;
1;B;E68;2;13;7;10;32;9;L;L;P W-W;C;TW6;U;;;;
1;B;E68;2;10;8;10;32;9;L;L;P W-W;C;;;;;;
1;B;E3;2;10;11;14;32;1;L;L;P W-W;C;CCRY;N U;;;;
1;B;B6;;15;;8;32;1;0;0;PLAIN;;;;;;;
1;B;Footed Bowl;;12;;8;32;8;0;0;PLAIN;;;;;;;
1;B;E92;;13;;12;32;9;0;0;PLAIN;;;;;;;
1;B;E57;2;9;12;14;32;9;0;0;PLAIN;;;;;;;
1;B;S9;2;9;12;30;42;1;0;0;PLAIN;;;;;;;
1;B;S2;2;8;5;12;32;1;T/O;T/O;RSO;;;;;;;
1;B;E3;2;11;12;6;21;1;0;0;TW13;N U;CSR1;U M;;;;
1;B;S2;3;12;7;6;21;1;0;0;TW4;N U;ICS1;U M;;;;
1;B;S2;2;12;8;8;21;1;0;0;TW4;N;ICS1;U M;;;;
1;B;S1;3;6;8;14;32;10;0;0;TW4;N;ICS1;N U M B;;;;
1;B;Footed Bowl;;13;;8;32;1;INT;INT;TW6;M;;;;;;
1;B;E4;1;10;9;10;32;9;0;0;TW6;U;;;;;;
1;B;E57;2;10;7;10;21;10;0;0;TW6;U;;;;;;
1;B;S2;3;8;9;14;21;1;0;0;TW6;N;ICS1;U M;;;;
1;B;E57;2;13;10;16;32;1;0;0;TW6;C;ICS1;U;;;;
1;B;E81;2;13;;18;32;1;0;0;TW6;U;;;;;;
1;B;E57;2;16;18;28;32;9;0;0;TW6;U;;;;;;
1;B;S11;2;11;8;;21;1;0;0;TW6;N U;;;;;;
