Site;Context;Horizon;Number of sherds;Decor 1;Decor 2;Decor 3;Decor 4;Decor5;Decor6;;;;;;;;;;;;;;;
TOG2;28;;6;cr4;;;;;;;;;;;;;;;;;;;;
TOG2;28;;1;cr2;p-r;si4;p-b;;;;;;;;;;;;;;;;;
TOG2;29;;25;cr4;;;;;;;;;;;;;;;;;;;;
TOG2;29;;1;rso;mch;cr4;;;;;;;;;;;;;;;;;;
TOG2;29;;1;vpr;;;;;;;;;;;;;;;;;;;;
TOG2;29;;3;EROD;;;;;;;;;;;;;;;;;;;;
TOG2;29;;1;burnished;;;;;;;;;;;;;;;;;;;;
TOG2;29;;2;plain;;;;;;;;;;;;;;;;;;;;
TOG2;29;;1;rso;cr2;ch;p-w-l;;;;;;;;;;;;;;;;;
TOG2;29;;2;rso;ch;p-w-l;p-b-l;cr2;si1;;;;;;;;;;;;;;;
TOG2;29;;1;cr2;ch;p-r;;;;;;;;;;;;;;;;;;
TOG2;30;;9;cr4;;;;;;;;;;;;;;;;;;;;
TOG2;30;;1;cr6;;;;;;;;;;;;;;;;;;;;
TOG2;30;;1;cr2;si1;p-w-l;;;;;;;;;;;;;;;;;;
TOG2;30;;1;cr2;p-r-t;SI4;p-b-t;;;;;;;;;;;;;;;;;
TOG2;31;;25;cr4;;;;;;;;;;;;;;;;;;;;
TOG2;31;;5;plain;;;;;;;;;;;;;;;;;;;;
TOG2;31;;1;erod;;;;;;;;;;;;;;;;;;;;
TOG2;31;;4;rso;;;;;;;;;;;;;;;;;;;;
TOG2;31;;9;vpr;;;;;;;;;;;;;;;;;;;;
TOG2;31;;2;cr2;;;;;;;;;;;;;;;;;;;;
TOG2;31;;1;cr?;;;;;;;;;;;;;;;;;;;;
TOG2;31;;1;rso;ch;cr2;si4;;;;;;;;;;;;;;;;;
TOG2;31;;1;rso;ch;cr2;;;;;;;;;;;;;;;;;;
TOG2;31;;1;rso;ch;cr2;si4;p-w-l;;;;;;;;;;;;;;;;
TOG2;31;;1;plain;cr4;;;;;;;;;;;;;;;;;;;
TOG2;31;;1;rso;ch;;;;;;;;;;;;;;;;;;;
TOG2;31;;1;rso;ch;erod;;;;;;;;;;;;;;;;;;
TOG2;31;;1;rso;ch;cr4;;;;;;;;;;;;;;;;;;
TOG2;31;;1;cr4;si4;;;;;;;;;;;;;;;;;;;
TOG2;31;;1;rso;pa3;;;;;;;;;;;;;;;;;;;
TOG2;31;;2;erod;;;;;;;;;;;;;;;;;;;;
TOG2;31;;1;erod;p-r;si4;;;;;;;;;;;;;;;;;;
TOG2;32;;5;cr4;;;;;;;;;;;;;;;;;;;;
TOG2;32;;2;rso;;;;;;;;;;;;;;;;;;;;
TOG2;32;;1;erod;;;;;;;;;;;;;;;;;;;;
TOG2;34;;40;cr4;;;;;;;;;;;;;;;;;;;;
TOG2;34;;1;cr4;rso int;;;;;;;;;;;;;;;;;;;
TOG2;34;;1;cr4;p-r-l;;;;;;;;;;;;;;;;;;;
TOG2;34;;16;vpr;;;;;;;;;;;;;;;;;;;;
TOG2;34;;5;rso;;;;;;;;;;;;;;;;;;;;
TOG2;34;;1;cr2;si4;;;;;;;;;;;;;;;;;;;
TOG2;34;;2;cr6;;;;;;;;;;;;;;;;;;;;
TOG2;34;;1;rough;;;;;;;;;;;;;;;;;;;;
TOG2;34;;2;plain;;;;;;;;;;;;;;;;;;;;
TOG2;34;;1;rso;pa3;;;;;;;;;;;;;;;;;;;
TOG2;34;;1;vpr;p-r-l;;;;;;;;;;;;;;;;;;;
TOG2;34;;1;cr4;si4;p-r-t;;;;;;;;;;;;;;;;;;
TOG2;34;;1;rso;ch;cr2;;;;;;;;;;;;;;;;;;
TOG2;34;;1;rso;ch;cr4;;;;;;;;;;;;;;;;;;
TOG2;34;;1;rso;ch;cr6;p-r-geo;si1;;;;;;;;;;;;;;;;
TOG2;34;;2;vpr;si1;;;;;;;;;;;;;;;;;;;
TOG2;34;;1;cr8?;;;;;;;;;;;;;;;;;;;;
TOG2;34;;1;cr4;si4;p-r;;;;;;;;;;;;;;;;;;
TOG2;34;;1;rso;ch;vpr;;;;;;;;;;;;;;;;;;
TOG2;34;;26;cr4;;;;;;;;;;;;;;;;;;;;
TOG2;34;;1;rso;;;;;;;;;;;;;;;;;;;;
TOG2;34;;1;false vpr;;;;;;;;;;;;;;;;;;;;
TOG2;34;;1;vpr;;;;;;;;;;;;;;;;;;;;
TOG2;34;;2;plain;;;;;;;;;;;;;;;;;;;;
TOG2;34;;1;plain;vpr;;;;;;;;;;;;;;;;;;;
TOG2;34;;1;vpr;si4;P-r-l;;;;;;;;;;;;;;;;;;
TOG2;34;;1;cr4;ch;P-r-l;;;;;;;;;;;;;;;;;;
TOG2;34;;1;rso;ch;si4;p-r-geo;cr2;;;;;;;;;;;;;;;;
TOG2;34;;1;cr2;cr4;;;;;;;;;;;;;;;;;;;
TOG2;37;;20;cr4;;;;;;;;;;;;;;;;;;;;
TOG2;37;;2;cr6;;;;;;;;;;;;;;;;;;;;
TOG2;37;;2;rso;;;;;;;;;;;;;;;;;;;;
TOG2;37;;1;cr2;;;;;;;;;;;;;;;;;;;;
TOG2;37;;1;Plain;;;;;;;;;;;;;;;;;;;;
TOG2;37;;1;erod;ch;;;;;;;;;;;;;;;;;;;
TOG2;37;;1;cr2;p-r;ch;rso int;;;;;;;;;;;;;;;;;
TOG2;37;;1;cr2;p-r;ch;;;;;;;;;;;;;;;;;;
TOG2;37;;2;rso;ch;;;;;;;;;;;;;;;;;;;
TOG2;37;;1;cr4;p-r-l;;;;;;;;;;;;;;;;;;;
TOG2;37;;4;cr2;;;;;;;;;;;;;;;;;;;;
TOG2;37;;1;cr6;;;;;;;;;;;;;;;;;;;;
TOG2;37;;8;vpr;;;;;;;;;;;;;;;;;;;;
TOG2;37;;1;plain;;;;;;;;;;;;;;;;;;;;
TOG2;37;;1;plain;p-r;;;;;;;;;;;;;;;;;;;
TOG2;37;;8;rso;;;;;;;;;;;;;;;;;;;;
TOG2;37;;28;cr4;;;;;;;;;;;;;;;;;;;;
TOG2;37;;2;cr4;p-r;;;;;;;;;;;;;;;;;;;
TOG2;37;;2;cr4;si4;p-r;;;;;;;;;;;;;;;;;;
TOG2;37;;1;cr6;p-r;;;;;;;;;;;;;;;;;;;
TOG2;37;;1;vpr;si4;p-r;;;;;;;;;;;;;;;;;;
TOG2;37;;2;cr4;p-r-l;;;;;;;;;;;;;;;;;;;
TOG2;37;;1;cr2;ch;p-r-l;si4;;;;;;;;;;;;;;;;;
TOG2;37;;2;rso;ch;cr2;;;;;;;;;;;;;;;;;;
TOG2;37;;1;rso;ch;cr4;;;;;;;;;;;;;;;;;;
TOG2;37;;1;p-r-geo;ch;si4;cr6;vpr;;;;;;;;;;;;;;;;
TOG2;38;;1;cr2;;;;;;;;;;;;;;;;;;;;
TOG2;38;;1;plain;;;;;;;;;;;;;;;;;;;;
TOG2;38;;1;erod;;;;;;;;;;;;;;;;;;;;
TOG2;38;;2;rough;;;;;;;;;;;;;;;;;;;;
TOG2;38;;3;vpr;;;;;;;;;;;;;;;;;;;;
TOG2;38;;2;rso;;;;;;;;;;;;;;;;;;;;
TOG2;38;;20;cr4;;;;;;;;;;;;;;;;;;;;
TOG2;38;;1;cr2;ch;P-r;;;;;;;;;;;;;;;;;;
TOG2;38;;2;cr4;rough;;;;;;;;;;;;;;;;;;;
TOG2;38;;1;vpr;P-r;;;;;;;;;;;;;;;;;;;
TOG2;38;;1;cr4;P-r;si4;;;;;;;;;;;;;;;;;;
TOG2;38;;1;cr4;P-r;;;;;;;;;;;;;;;;;;;
TOG2;38;;1;plain;cr4;;;;;;;;;;;;;;;;;;;
TOG2;38;;1;rso;cr2;ch;;;;;;;;;;;;;;;;;;
TOG2;38;;1;rso;vpr;ch;P-r-l;;;;;;;;;;;;;;;;;
TOG2;38;;2;cr2;ch;P-r-l;;;;;;;;;;;;;;;;;;
TOG2;38;;1;cr2;si;;;;;;;;;;;;;;;;;;;
TOG2;39;;2;rso;;;;;;;;;;;;;;;;;;;;
TOG2;39;;1;cr6;;;;;;;;;;;;;;;;;;;;
TOG2;39;;10;cr4;;;;;;;;;;;;;;;;;;;;
TOG2;39;;1;cr4;p-w-w;;;;;;;;;;;;;;;;;;;
TOG2;39;;1;cr2;p-r-w;ch;;;;;;;;;;;;;;;;;;
TOG2;39;;1;cr4;p-r-l;;;;;;;;;;;;;;;;;;;
TOG2;40;;1;VPR;;;;;;;;;;;;;;;;;;;;
TOG2;40;;7;cr4;;;;;;;;;;;;;;;;;;;;
TOG2;40;;3;rso;;;;;;;;;;;;;;;;;;;;
TOG2;41;;84;cr4;;;;;;;;;;;;;;;;;;;;
TOG2;41;;19;vpr;;;;;;;;;;;;;;;;;;;;
TOG2;41;;5;plain;;;;;;;;;;;;;;;;;;;;
TOG2;41;;7;rough;;;;;;;;;;;;;;;;;;;;
TOG2;41;;13;erod;;;;;;;;;;;;;;;;;;;;
TOG2;41;;8;rso;;;;;;;;;;;;;;;;;;;;
TOG2;41;;9;cr6;;;;;;;;;;;;;;;;;;;;
TOG2;41;;1;rough;si4;;;;;;;;;;;;;;;;;;;
TOG2;41;;2;cr2;;;;;;;;;;;;;;;;;;;;
TOG2;41;;1;cr6;VPR;;;;;;;;;;;;;;;;;;;
TOG2;41;;2;cr4;ch;p-r-l;vpr;;;;;;;;;;;;;;;;;
TOG2;41;;1;cr4;rough;;;;;;;;;;;;;;;;;;;
TOG2;41;;1;VPR;P-R-W;;;;;;;;;;;;;;;;;;;
TOG2;41;;2;Plain;VPR;;;;;;;;;;;;;;;;;;;
TOG2;41;;1;cr4;p-r;;;;;;;;;;;;;;;;;;;
TOG2;41;;1;P-R-W;cr2;cr4;rso;si4;;;;;;;;;;;;;;;;
TOG2;41;;1;cr2;p-r-l;CR4;si4;;;;;;;;;;;;;;;;;
TOG2;41;;1;RSO;cr2;p-r-w;;;;;;;;;;;;;;;;;;
TOG2;41;;1;vpr;ch;;;;;;;;;;;;;;;;;;;
TOG2;41;;1;RSO;VPR;;;;;;;;;;;;;;;;;;;
TOG2;41;;1;RSO;ch;cr6;;;;;;;;;;;;;;;;;;
TOG2;41;;1;VPR;si4;p-r-l;;;;;;;;;;;;;;;;;;
TOG2;41;;1;VPR;si4;;;;;;;;;;;;;;;;;;;
TOG2;41;;1;Plain;cr4;p-r;;;;;;;;;;;;;;;;;;
TOG2;41;;1;cr6;p-r;ch;;;;;;;;;;;;;;;;;;
TOG2;41;;1;cr4;p-r-l;;;;;;;;;;;;;;;;;;;
TOG2;41;;1;RSO;ch;cr2;;;;;;;;;;;;;;;;;;
TOG2;41;;1;cr4;p-b;;;;;;;;;;;;;;;;;;;
TOG2;41;;1;VPR;p-r-l;;;;;;;;;;;;;;;;;;;
TOG2;41;;1;cr4;p-r;;;;;;;;;;;;;;;;;;;
TOG2;41;;1;rso;si1;ch;pfr2;;;;;;;;;;;;;;;;;
TOG2;42;;3;plain;;;;;;;;;;;;;;;;;;;;
TOG2;42;;3;erod;;;;;;;;;;;;;;;;;;;;
TOG2;42;;1;PFR1;;;;;;;;;;;;;;;;;;;;
TOG2;42;;2;rso;;;;;;;;;;;;;;;;;;;;
TOG2;42;;3;cr6;;;;;;;;;;;;;;;;;;;;
TOG2;42;;1;cr?;;;;;;;;;;;;;;;;;;;;
TOG2;42;;2;vpr;;;;;;;;;;;;;;;;;;;;
TOG2;42;;3;rough;;;;;;;;;;;;;;;;;;;;
TOG2;42;;14;cr4;;;;;;;;;;;;;;;;;;;;
TOG2;42;;1;vpr;si4;;;;;;;;;;;;;;;;;;;
TOG2;42;;1;rough;plain;;;;;;;;;;;;;;;;;;;
TOG2;42;;1;plain;cr4;;;;;;;;;;;;;;;;;;;
TOG2;42;;1;rso;ch;vpr;;;;;;;;;;;;;;;;;;
TOG2;42;;1;rso;ch;vpr;Si-triangles;red slip triangles;;;;;;;;;;;;;;;;
TOG2;43;;30;CR4;;;;;;;;;;;;;;;;;;;;
TOG2;43;;2;CR2;;;;;;;;;;;;;;;;;;;;
TOG2;43;;5;VPR;;;;;;;;;;;;;;;;;;;;
TOG2;43;;3;EROD;;;;;;;;;;;;;;;;;;;;
TOG2;43;;1;CR6;;;;;;;;;;;;;;;;;;;;
TOG2;43;;6;RSO;;;;;;;;;;;;;;;;;;;;
TOG2;43;;8;Plain;;;;;;;;;;;;;;;;;;;;
TOG2;43;;1;CR4;CH;;;;;;;;;;;;;;;;;;;
TOG2;43;;1;CR4;CH;;;;;;;;;;;;;;;;;;;
TOG2;43;;1;VPR;P-W;SI4;;;;;;;;;;;;;;;;;;
TOG2;43;;1;RSO;CH;P-W-L;CR2;;;;;;;;;;;;;;;;;
TOG2;43;;1;RSO;MCH;VPR;P-W;;;;;;;;;;;;;;;;;
TOG2;43;;1;PFR1;CH;;;;;;;;;;;;;;;;;;;
TOG2;43;;1;RSO;PA4;;;;;;;;;;;;;;;;;;;
TOG2;43;;1;RSO;PA3;VPR;;;;;;;;;;;;;;;;;;
TOG2;43;;1;RSO;CH;CR4;;;;;;;;;;;;;;;;;;
TOG2;43;;2;cr4;;;;;;;;;;;;;;;;;;;;
TOG2;43;;1;VPR;;;;;;;;;;;;;;;;;;;;
TOG2;43;;2;rough;;;;;;;;;;;;;;;;;;;;
TOG2;43;;1;rso;ch;si-triangles;p-r-l;p-r-t;;;;;;;;;;;;;;;;
TOG2;44;;13;cr4;;;;;;;;;;;;;;;;;;;;
TOG2;44;;1;cr6;;;;;;;;;;;;;;;;;;;;
TOG2;44;;2;double cr6;;;;;;;;;;;;;;;;;;;;
TOG2;44;;3;vpr;;;;;;;;;;;;;;;;;;;;
TOG2;44;;1;cr2;;;;;;;;;;;;;;;;;;;;
TOG2;44;;1;rso;;;;;;;;;;;;;;;;;;;;
TOG2;44;;1;vpr;P-r;;;;;;;;;;;;;;;;;;;
TOG2;44;;1;cr4;mch;;;;;;;;;;;;;;;;;;;
TOG2;44;;2;cr4;P-r;;;;;;;;;;;;;;;;;;;
TOG2;44;;1;rso;ch;vpr;;;;;;;;;;;;;;;;;;
TOG2;45;;19;cr4;;;;;;;;;;;;;;;;;;;;
TOG2;45;;3;plain;;;;;;;;;;;;;;;;;;;;
TOG2;45;;3;vpr;;;;;;;;;;;;;;;;;;;;
TOG2;45;;5;rough;;;;;;;;;;;;;;;;;;;;
TOG2;45;;4;erod;;;;;;;;;;;;;;;;;;;;
TOG2;45;;2;rso;;;;;;;;;;;;;;;;;;;;
TOG2;45;;1;P-r;plain;;;;;;;;;;;;;;;;;;;
TOG2;45;;1;cr8?;;;;;;;;;;;;;;;;;;;;
TOG2;45;;2;cr6;si4;red slip;;;;;;;;;;;;;;;;;;
TOG2;45;;1;rso;ch;;;;;;;;;;;;;;;;;;;
TOG2;45;;1;rough;geoherb (int);;;;;;;;;;;;;;;;;;;
TOG2;45;;1;cr2;red slip;ch;;;;;;;;;;;;;;;;;;
TOG2;45;;1;cr4;si4;;;;;;;;;;;;;;;;;;;
TOG2;45;;1;vpr;si4;;;;;;;;;;;;;;;;;;;
TOG2;45;;1;cr;si4;;;;;;;;;;;;;;;;;;;
TOG2;45;;1;erod;vpr;;;;;;;;;;;;;;;;;;;
TOG2;46;;35;CR4;;;;;;;;;;;;;;;;;;;;
TOG2;46;;8;VPR;;;;;;;;;;;;;;;;;;;;
TOG2;46;;5;RSO;;;;;;;;;;;;;;;;;;;;
TOG2;46;;4;EROD;;;;;;;;;;;;;;;;;;;;
TOG2;46;;9;Plain;;;;;;;;;;;;;;;;;;;;
TOG2;46;;1;CR2;;;;;;;;;;;;;;;;;;;;
TOG2;46;;5;CR6;;;;;;;;;;;;;;;;;;;;
TOG2;46;;3;PFR1;;;;;;;;;;;;;;;;;;;;
TOG2;46;;1;CR4;VPR;;;;;;;;;;;;;;;;;;;
TOG2;46;;1;RSO;CH;VPR;blackened;;;;;;;;;;;;;;;;;
TOG2;46;;1;RSO;MCH;PA3;;;;;;;;;;;;;;;;;;
TOG2;46;;1;Plain;CR4;;;;;;;;;;;;;;;;;;;
TOG2;46;;1;P-R-W;CH;VPR;;;;;;;;;;;;;;;;;;
TOG2;46;;1;VPR;blackened;;;;;;;;;;;;;;;;;;;
TOG2;46;;1;Plain;CR4;blackened;;;;;;;;;;;;;;;;;;
TOG2;46;;1;CR4;blackened;;;;;;;;;;;;;;;;;;;
TOG2;46;;2;CR4;P-R;;;;;;;;;;;;;;;;;;;
TOG2;46;;1;CR6;P-R;;;;;;;;;;;;;;;;;;;
TOG2;46;;1;CR4;SI4;P-R;;;;;;;;;;;;;;;;;;
TOG2;46;;1;Plain;CR4;;;;;;;;;;;;;;;;;;;
TOG2;46;;1;CR4;SI1;;;;;;;;;;;;;;;;;;;
TOG2;46;;1;RSO;CH;VPR;;;;;;;;;;;;;;;;;;
TOG2;46;;4;P-R-W;MCH;VPR;RSO?;;;;;;;;;;;;;;;;;
TOG2;46;;1;RSO;CH;;;;;;;;;;;;;;;;;;;
TOG2;46;;1;CR4;P-R-W;;;;;;;;;;;;;;;;;;;
TOG2;47;;2;VPR;;;;;;;;;;;;;;;;;;;;
TOG2;47;;1;cr4;;;;;;;;;;;;;;;;;;;;
TOG2;47;;7;rso;;;;;;;;;;;;;;;;;;;;
TOG2;47;;1;rso;ch;cr4;;;;;;;;;;;;;;;;;;
TOG2;47;;2;rso;ch;cr4 (geometric);p-w;;;;;;;;;;;;;;;;;
TOG2;47;;2;cr8?;;;;;;;;;;;;;;;;;;;;
TOG2;49;;14;cr4;;;;;;;;;;;;;;;;;;;;
TOG2;49;;1;cr2;;;;;;;;;;;;;;;;;;;;
TOG2;49;;2;vpr;;;;;;;;;;;;;;;;;;;;
TOG2;49;;1;erod;;;;;;;;;;;;;;;;;;;;
TOG2;49;;2;plain;;;;;;;;;;;;;;;;;;;;
TOG2;49;;4;rso;ch;;;;;;;;;;;;;;;;;;;
TOG2;49;;1;rso;;;;;;;;;;;;;;;;;;;;
TOG2;49;;4;rso;ch;vpr;;;;;;;;;;;;;;;;;;
TOG2;49;;1;rso;mch;si4;vpr;;;;;;;;;;;;;;;;;
TOG2;49;;3;rso;mch;p-w-l;si4;vpr;;;;;;;;;;;;;;;;
TOG2;49;;1;vpr;si4;p-r-geo;;;;;;;;;;;;;;;;;;
TOG2;49;;1;rso;ch;vpr;si4;;;;;;;;;;;;;;;;;
TOG2;49;;1;vpr;si4;;;;;;;;;;;;;;;;;;;
TOG2;49;;1;rough;si4;cr4;;;;;;;;;;;;;;;;;;
TOG2;49;;1;cr4;vpr;;;;;;;;;;;;;;;;;;;
TOG2;49;;1;vpr;p-r;;;;;;;;;;;;;;;;;;;
TOG2;50;;80;cr4;;;;;;;;;;;;;;;;;;;;
TOG2;50;;6;vpr;;;;;;;;;;;;;;;;;;;;
TOG2;50;;1;rso;;;;;;;;;;;;;;;;;;;;
TOG2;50;;5;cr2;;;;;;;;;;;;;;;;;;;;
TOG2;50;;1;cr6;;;;;;;;;;;;;;;;;;;;
TOG2;50;;2;rough;;;;;;;;;;;;;;;;;;;;
TOG2;50;;4;Plain;;;;;;;;;;;;;;;;;;;;
TOG2;50;;1;rso;ch;;;;;;;;;;;;;;;;;;;
TOG2;50;;1;Plain;rso int;;;;;;;;;;;;;;;;;;;
TOG2;50;;2;rso;MCH;cr4;;;;;;;;;;;;;;;;;;
TOG2;50;;1;rso;ch;cr4;blackened;;;;;;;;;;;;;;;;;
TOG2;50;;1;rso;cr4;;;;;;;;;;;;;;;;;;;
TOG2;50;;1;p-r-l;cr4;;;;;;;;;;;;;;;;;;;
TOG2;50;;1;cr4;p-w;;;;;;;;;;;;;;;;;;;
TOG2;50;;1;vpr;p-r-t;si4;;;;;;;;;;;;;;;;;;
TOG2;50;;1;rso;ch;cr2;;;;;;;;;;;;;;;;;;
TOG2;50;;1;cr2;rso;ch;si4;;;;;;;;;;;;;;;;;
TOG2;50;;1;RSO;ch;VPR;;;;;;;;;;;;;;;;;;
TOG2;50;;1;cr4;rso int;plain;;;;;;;;;;;;;;;;;;
TOG2;50;;1;cr4;vpr;;;;;;;;;;;;;;;;;;;
TOG2;50;;1;vpr;si4;;;;;;;;;;;;;;;;;;;
TOG2;50;;1;RSO;ch;cr2;;;;;;;;;;;;;;;;;;
TOG2;50;;1;erod;;;;;;;;;;;;;;;;;;;;
TOG2;50;;1;cr6;si1;;;;;;;;;;;;;;;;;;;
TOG2;50;;1;cr;;;;;;;;;;;;;;;;;;;;
TOG2;50;;22;cr4;;;;;;;;;;;;;;;;;;;;
TOG2;50;;3;vpr;;;;;;;;;;;;;;;;;;;;
TOG2;50;;3;rso;;;;;;;;;;;;;;;;;;;;
TOG2;50;;1;erod;;;;;;;;;;;;;;;;;;;;
TOG2;50;;1;si4;p-r;p-w;vpr;;;;;;;;;;;;;;;;;
TOG2;50;;2;cr2;p-r;si4;;;;;;;;;;;;;;;;;;
TOG2;50;;1;cr4;p-r-int;;;;;;;;;;;;;;;;;;;
TOG2;50;;1;plain;VPR;;;;;;;;;;;;;;;;;;;
TOG2;50;;1;vpr;ch;;;;;;;;;;;;;;;;;;;
TOG2;50;;1;rso;rso int;;;;;;;;;;;;;;;;;;;
TOG2;50;;1;rso;ch;cr2;;;;;;;;;;;;;;;;;;
TOG2;50;;1;rough;cr4;;;;;;;;;;;;;;;;;;;
TOG2;50;;1;erod;rso;;;;;;;;;;;;;;;;;;;
TOG2;32 concentration;;2;cr4;;;;;;;;;;;;;;;;;;;;
TOG2;32 concentration;;1;erod;;;;;;;;;;;;;;;;;;;;
TOG2;42 concentration;;10;cr4;;;;;;;;;;;;;;;;;;;;
TOG2;42 concentration;;2;vpr;;;;;;;;;;;;;;;;;;;;
TOG2;42 concentration;;1;rso;;;;;;;;;;;;;;;;;;;;
TOG2;42 concentration;;5;cr6;;;;;;;;;;;;;;;;;;;;
TOG2;42 concentration;;6;rough;;;;;;;;;;;;;;;;;;;;
TOG2;42 concentration;;1;erod;;;;;;;;;;;;;;;;;;;;
TOG2;42 concentration;;1;vpr;cr4;finger line;;;;;;;;;;;;;;;;;;
TOG2;42 concentration;;2;rso;ch;;;;;;;;;;;;;;;;;;;
TOG2;42 concentration;;1;cr4;vpr;;;;;;;;;;;;;;;;;;;
TOG2;42 concentration;;1;cr4;plain;;;;;;;;;;;;;;;;;;;
TOG2;50 concentration;;9;cr4;;;;;;;;;;;;;;;;;;;;
TOG2;50 concentration;;2;cr2;;;;;;;;;;;;;;;;;;;;
TOG2;A1;;4;VPR;;;;;;;;;;;;;;;;;;;;
TOG2;A1;;33;CR4;;;;;;;;;;;;;;;;;;;;
TOG2;A1;;2;CR4G;;;;;;;;;;;;;;;;;;;;
TOG2;A1;;3;PLAIN;;;;;;;;;;;;;;;;;;;;
TOG2;A1;;1;RSO;;;;;;;;;;;;;;;;;;;;
TOG2;A1;;4;EROD;;;;;;;;;;;;;;;;;;;;
TOG2;A1;;1;CR4;P-R;;;;;;;;;;;;;;;;;;;
TOG2;A1;;1;P-R;MCH;CR4;;;;;;;;;;;;;;;;;;
TOG2;A1;;1;PLAIN;CH;CR;;;;;;;;;;;;;;;;;;
TOG2;A10;;43;CR4;;;;;;;;;;;;;;;;;;;;
TOG2;A10;;15;VPR;;;;;;;;;;;;;;;;;;;;
TOG2;A10;;14;PLAIN;;;;;;;;;;;;;;;;;;;;
TOG2;A10;;2;CR4G;;;;;;;;;;;;;;;;;;;;
TOG2;A10;;3;CR2;;;;;;;;;;;;;;;;;;;;
TOG2;A10;;4;RSO;;;;;;;;;;;;;;;;;;;;
TOG2;A10;;3;RSO;MCH;;;;;;;;;;;;;;;;;;;
TOG2;A10;;1;CR6;;;;;;;;;;;;;;;;;;;;
TOG2;A10;;1;RSO;CH;CR6;;;;;;;;;;;;;;;;;;
TOG2;A10;;1;RSO;CH;VPR;;;;;;;;;;;;;;;;;;
TOG2;A10;;1;RSO;CH;CR4;;;;;;;;;;;;;;;;;;
TOG2;A10;;1;CR2;SI4;CR4;;;;;;;;;;;;;;;;;;
TOG2;A10;;1;VPR;P-R;P-B;SI4;;;;;;;;;;;;;;;;;
TOG2;A10;;2;CR4;SI4;P-B;;;;;;;;;;;;;;;;;;
TOG2;A10;;1;CR4;CR2;SI4;P-B;;;;;;;;;;;;;;;;;
TOG2;A10;;1;CR4;VPR;CH;;;;;;;;;;;;;;;;;;
TOG2;A10;;1;CR4;P-B;;;;;;;;;;;;;;;;;;;
TOG2;A10;;1;VPR;P-B;;;;;;;;;;;;;;;;;;;
TOG2;A10;;1;CR8;P-B;MCH;;;;;;;;;;;;;;;;;;
TOG2;A10;;1;RSO;CH;CR4;;;;;;;;;;;;;;;;;;
TOG2;A10;;2;CR4;CH;;;;;;;;;;;;;;;;;;;
TOG2;A11;;52;CR4;;;;;;;;;;;;;;;;;;;;
TOG2;A11;;5;RSO;;;;;;;;;;;;;;;;;;;;
TOG2;A11;;4;CR4G;;;;;;;;;;;;;;;;;;;;
TOG2;A11;;3;PLAIN;;;;;;;;;;;;;;;;;;;;
TOG2;A11;;6;VPR;;;;;;;;;;;;;;;;;;;;
TOG2;A11;;5;EROD;;;;;;;;;;;;;;;;;;;;
TOG2;A11;;5;CR6;;;;;;;;;;;;;;;;;;;;
TOG2;A11;;2;CR2;;;;;;;;;;;;;;;;;;;;
TOG2;A11;;4;CR4;P-R;;;;;;;;;;;;;;;;;;;
TOG2;A11;;1;VPR;SI4;P-R;;;;;;;;;;;;;;;;;;
TOG2;A11;;2;CR2;MCH;P-R;;;;;;;;;;;;;;;;;;
TOG2;A11;;1;RSO;CH;;;;;;;;;;;;;;;;;;;
TOG2;A11;;1;CR2;P-R;P-B-L;;;;;;;;;;;;;;;;;;
TOG2;A11 DEPOTOIR;;3;VPR;;;;;;;;;;;;;;;;;;;;
TOG2;A11 DEPOTOIR;;1;EROD;;;;;;;;;;;;;;;;;;;;
TOG2;A11 DEPOTOIR;;2;RSO;;;;;;;;;;;;;;;;;;;;
TOG2;A11 DEPOTOIR;;5;BURNISHED;;;;;;;;;;;;;;;;;;;;
TOG2;A11 DEPOTOIR;;5;PLAIN;;;;;;;;;;;;;;;;;;;;
TOG2;A11 DEPOTOIR;;18;CR4;;;;;;;;;;;;;;;;;;;;
TOG2;A11 DEPOTOIR;;1;CH;RSO;CR2;;;;;;;;;;;;;;;;;;
TOG2;A11 DEPOTOIR;;1;VPR;P-R;SI4;;;;;;;;;;;;;;;;;;
TOG2;A13;;132;CR4;;;;;;;;;;;;;;;;;;;;
TOG2;A13;;3;CR4;SI4;;;;;;;;;;;;;;;;;;;
TOG2;A13;;2;CR4;PLAIN;;;;;;;;;;;;;;;;;;;
TOG2;A13;;15;PLAIN;;;;;;;;;;;;;;;;;;;;
TOG2;A13;;24;EROD;;;;;;;;;;;;;;;;;;;;
TOG2;A13;;2;CR;;;;;;;;;;;;;;;;;;;;
TOG2;A13;;3;CR2;;;;;;;;;;;;;;;;;;;;
TOG2;A13;;10;RSO;;;;;;;;;;;;;;;;;;;;
TOG2;A13;;15;VPR;;;;;;;;;;;;;;;;;;;;
TOG2;A13;;2;CR6;;;;;;;;;;;;;;;;;;;;
TOG2;A13;;3;RSO;CH;CR2;;;;;;;;;;;;;;;;;;
TOG2;A13;;2;RSO;CH;CR4;;;;;;;;;;;;;;;;;;
TOG2;A13;;1;BLACK BURNISHED;CH;CR2;SI4;;;;;;;;;;;;;;;;;
TOG2;A13;;1;RSO;CH;P-W-L;;;;;;;;;;;;;;;;;;
TOG2;A13;;1;RSO;CH;;;;;;;;;;;;;;;;;;;
TOG2;A13;;2;RSO;CH;CR2;SI4;;;;;;;;;;;;;;;;;
TOG2;A13;;1;RSO;CR2;SI4;;;;;;;;;;;;;;;;;;
TOG2;A13;;1;PLAIN;P-R-L;CR4;;;;;;;;;;;;;;;;;;
TOG2;A13;;1;CR4;P-R-L;;;;;;;;;;;;;;;;;;;
TOG2;A13;;2;CR4;P-R;SI4;;;;;;;;;;;;;;;;;;
TOG2;A13;;1;PA4;SI4;VPR;;;;;;;;;;;;;;;;;;
TOG2;A13;;2;RSO;PA3;VPR;;;;;;;;;;;;;;;;;;
TOG2;A13;;1;CR2;SI4;CH;P-R-L;CR4;;;;;;;;;;;;;;;;
TOG2;A13;;1;VPR;SI4;;;;;;;;;;;;;;;;;;;
TOG2;A13;;1;PLAIN;CH;CR4;;;;;;;;;;;;;;;;;;
TOG2;A13;;4;CR2;SI4;;;;;;;;;;;;;;;;;;;
TOG2;A13;;1;CR2;SI4;P-R;;;;;;;;;;;;;;;;;;
TOG2;A13;;1;RSO;CH;CR2;P-R;SI4;CR4;;;;;;;;;;;;;;;
TOG2;A14;;40;CR4;;;;;;;;;;;;;;;;;;;;
TOG2;A14;;1;VPR;;;;;;;;;;;;;;;;;;;;
TOG2;A14;;9;EROD;;;;;;;;;;;;;;;;;;;;
TOG2;A14;;4;RSO;;;;;;;;;;;;;;;;;;;;
TOG2;A14;;4;CR2;;;;;;;;;;;;;;;;;;;;
TOG2;A14;;1;CR2;CH;;;;;;;;;;;;;;;;;;;
TOG2;A14;;1;PLAIN;CR2;;;;;;;;;;;;;;;;;;;
TOG2;A14;;1;CR2;MCH;;;;;;;;;;;;;;;;;;;
TOG2;A14;;1;CR2;P-R;;;;;;;;;;;;;;;;;;;
TOG2;A14;;1;CR4G;P-R-L;;;;;;;;;;;;;;;;;;;
TOG2;A14;;1;CI4;MCH;;;;;;;;;;;;;;;;;;;
TOG2;A14;;1;RSO;CH;;;;;;;;;;;;;;;;;;;
TOG2;A14;;1;RSO;CH;VPR;;;;;;;;;;;;;;;;;;
TOG2;A14;;1;VPR;;;;;;;;;;;;;;;;;;;;
TOG2;A14;;3;EROD;;;;;;;;;;;;;;;;;;;;
TOG2;A14;;1;CR2;;;;;;;;;;;;;;;;;;;;
TOG2;A14;;6;PLAIN;;;;;;;;;;;;;;;;;;;;
TOG2;A14;;13;CR4;;;;;;;;;;;;;;;;;;;;
TOG2;A14;;1;RSO;CH;CR2;SI4;;;;;;;;;;;;;;;;;
TOG2;A14;;1;CR4;P-R-W;;;;;;;;;;;;;;;;;;;
TOG2;A14;;1;P-R-W;CH;CR4;;;;;;;;;;;;;;;;;;
TOG2;A15;;14;CR4;;;;;;;;;;;;;;;;;;;;
TOG2;A15;;21;RSO;;;;;;;;;;;;;;;;;;;;
TOG2;A15;;1;CR4G;;;;;;;;;;;;;;;;;;;;
TOG2;A15;;2;PLAIN;;;;;;;;;;;;;;;;;;;;
TOG2;A15;;1;CR4;CH;;;;;;;;;;;;;;;;;;;
TOG2;A15;;1;VPR;P-B-L;;;;;;;;;;;;;;;;;;;
TOG2;A15;;1;VPR;;;;;;;;;;;;;;;;;;;;
TOG2;A15;;2;CR2;;;;;;;;;;;;;;;;;;;;
TOG2;A15;;3;EROD;;;;;;;;;;;;;;;;;;;;
TOG2;A15;;2;PLAIN;;;;;;;;;;;;;;;;;;;;
TOG2;A15;;3;RSO;;;;;;;;;;;;;;;;;;;;
TOG2;A15;;1;PLAIN;CR4;;;;;;;;;;;;;;;;;;;
TOG2;A15;;22;CR4;;;;;;;;;;;;;;;;;;;;
TOG2;A16;;103;CR4;;;;;;;;;;;;;;;;;;;;
TOG2;A16;;4;CR4G;;;;;;;;;;;;;;;;;;;;
TOG2;A16;;20;VPR;;;;;;;;;;;;;;;;;;;;
TOG2;A16;;14;RSO;;;;;;;;;;;;;;;;;;;;
TOG2;A16;;4;CR6;;;;;;;;;;;;;;;;;;;;
TOG2;A16;;13;EROD;;;;;;;;;;;;;;;;;;;;
TOG2;A16;;8;PLAIN;;;;;;;;;;;;;;;;;;;;
TOG2;A16;;4;CR2;;;;;;;;;;;;;;;;;;;;
TOG2;A16;;1;EROD;SI4;;;;;;;;;;;;;;;;;;;
TOG2;A16;;1;CR6;MCH;;;;;;;;;;;;;;;;;;;
TOG2;A16;;1;VPR;P-R;;;;;;;;;;;;;;;;;;;
TOG2;A16;;5;CR4;P-R;;;;;;;;;;;;;;;;;;;
TOG2;A16;;1;BLACK BURNISHED;CH;;;;;;;;;;;;;;;;;;;
TOG2;A16;;1;P-W-L;P-R;P-B;CH;CR2;;;;;;;;;;;;;;;;
TOG2;A16;;1;P-W;P-R;CR4;SI4;;;;;;;;;;;;;;;;;
TOG2;A16;;1;CR4;SI4;P-R;;;;;;;;;;;;;;;;;;
TOG2;A16;;1;CR4;CH;P-R;;;;;;;;;;;;;;;;;;
TOG2;A16;;2;PLAIN;CR4;;;;;;;;;;;;;;;;;;;
TOG2;A16;;1;CR2;CH;;;;;;;;;;;;;;;;;;;
TOG2;A16;;5;RSO;CH;CR2;;;;;;;;;;;;;;;;;;
TOG2;A16;;1;CR2;CH;P-R;;;;;;;;;;;;;;;;;;
TOG2;A16;;4;RSO;CH;;;;;;;;;;;;;;;;;;;
TOG2;A16;;1;PLAIN;CH;VPR;;;;;;;;;;;;;;;;;;
TOG2;A16;;1;CR2;CH;;;;;;;;;;;;;;;;;;;
TOG2;A16;;1;RSO;CH;CR6;;;;;;;;;;;;;;;;;;
TOG2;A16;;48;CR4;;;;;;;;;;;;;;;;;;;;
TOG2;A16;;1;CR4G;;;;;;;;;;;;;;;;;;;;
TOG2;A16;;6;PLAIN;;;;;;;;;;;;;;;;;;;;
TOG2;A16;;5;VPR;;;;;;;;;;;;;;;;;;;;
TOG2;A16;;3;EROD;;;;;;;;;;;;;;;;;;;;
TOG2;A16;;1;CR6;;;;;;;;;;;;;;;;;;;;
TOG2;A16;;2;RSO;CH;;;;;;;;;;;;;;;;;;;
TOG2;A16;;3;RSO;;;;;;;;;;;;;;;;;;;;
TOG2;A16;;1;RSO;CH;CR2;SI4;;;;;;;;;;;;;;;;;
TOG2;A16;;1;CR2;;;;;;;;;;;;;;;;;;;;
TOG2;A16;;2;CR;;;;;;;;;;;;;;;;;;;;
TOG2;A16;;1;CR4;SI4;P-R;;;;;;;;;;;;;;;;;;
TOG2;A16;;2;RSO;CH;CR2;;;;;;;;;;;;;;;;;;
TOG2;A16;;1;CR4;VPR;;;;;;;;;;;;;;;;;;;
TOG2;A16;;1;PLAIN;CH;CR6;;;;;;;;;;;;;;;;;;
TOG2;A16;;1;RSO;CR2;CH;SI4;;;;;;;;;;;;;;;;;
TOG2;A17;;4;VPR;;;;;;;;;;;;;;;;;;;;
TOG2;A17;;2;RSO;;;;;;;;;;;;;;;;;;;;
TOG2;A17;;14;CR4;;;;;;;;;;;;;;;;;;;;
TOG2;A17;;3;EROD;;;;;;;;;;;;;;;;;;;;
TOG2;A17;;1;RSO;MCH;VPR;;;;;;;;;;;;;;;;;;
TOG2;A17;;1;CR;;;;;;;;;;;;;;;;;;;;
TOG2;A17;;1;CR6;;;;;;;;;;;;;;;;;;;;
TOG2;A17;;6;VPR;;;;;;;;;;;;;;;;;;;;
TOG2;A17;;4;RSO;;;;;;;;;;;;;;;;;;;;
TOG2;A17;;9;PLAIN;;;;;;;;;;;;;;;;;;;;
TOG2;A17;;9;EROD;;;;;;;;;;;;;;;;;;;;
TOG2;A17;;2;CR2;;;;;;;;;;;;;;;;;;;;
TOG2;A17;;1;CR6;;;;;;;;;;;;;;;;;;;;
TOG2;A17;;2;CR4G;;;;;;;;;;;;;;;;;;;;
TOG2;A17;;32;CR4;;;;;;;;;;;;;;;;;;;;
TOG2;A17;;1;CR2;CH;;;;;;;;;;;;;;;;;;;
TOG2;A17;;2;RSO;CR2;CH;SI4;;;;;;;;;;;;;;;;;
TOG2;A17;;1;RSO;CH;CR4;;;;;;;;;;;;;;;;;;
TOG2;A17;;1;RSO;CH;;;;;;;;;;;;;;;;;;;
TOG2;A17;;1;RSO;PLAIN;;;;;;;;;;;;;;;;;;;
TOG2;A17;;1;VPR;SI4;;;;;;;;;;;;;;;;;;;
TOG2;A17;;1;RSO;PA3;VPR;;;;;;;;;;;;;;;;;;
TOG2;A19;;2;CR4G;;;;;;;;;;;;;;;;;;;;
TOG2;A19;;10;VPR;;;;;;;;;;;;;;;;;;;;
TOG2;A19;;52;CR4;;;;;;;;;;;;;;;;;;;;
TOG2;A19;;9;CR2;;;;;;;;;;;;;;;;;;;;
TOG2;A19;;2;CR6;;;;;;;;;;;;;;;;;;;;
TOG2;A19;;12;PLAIN;;;;;;;;;;;;;;;;;;;;
TOG2;A19;;8;RSO;;;;;;;;;;;;;;;;;;;;
TOG2;A19;;12;EROD;;;;;;;;;;;;;;;;;;;;
TOG2;A19;;1;RSO;CH;;;;;;;;;;;;;;;;;;;
TOG2;A19;;1;CH;ER;;;;;;;;;;;;;;;;;;;
TOG2;A19;;1;PLAIN;CR4;;;;;;;;;;;;;;;;;;;
TOG2;A19;;1;CR4;SI4;P-R;;;;;;;;;;;;;;;;;;
TOG2;A19;;3;CR2;SI4;P-R;;;;;;;;;;;;;;;;;;
TOG2;A19;;1;RSO;CH;CR2;;;;;;;;;;;;;;;;;;
TOG2;A19;;1;RSO;CH;CR6;;;;;;;;;;;;;;;;;;
TOG2;A2;;2;CR6;;;;;;;;;;;;;;;;;;;;
TOG2;A2;;10;PLAIN;;;;;;;;;;;;;;;;;;;;
TOG2;A2;;3;CR4G;;;;;;;;;;;;;;;;;;;;
TOG2;A2;;9;RSO;;;;;;;;;;;;;;;;;;;;
TOG2;A2;;6;VPR;;;;;;;;;;;;;;;;;;;;
TOG2;A2;;11;EROD;;;;;;;;;;;;;;;;;;;;
TOG2;A2;;1;CR8;;;;;;;;;;;;;;;;;;;;
TOG2;A2;;7;CR2;;;;;;;;;;;;;;;;;;;;
TOG2;A2;;84;CR4;;;;;;;;;;;;;;;;;;;;
TOG2;A2;;2;RSO;CH;CR2;;;;;;;;;;;;;;;;;;
TOG2;A2;;1;RSO;CH;VPR;;;;;;;;;;;;;;;;;;
TOG2;A2;;1;RSO;CH;EROD;;;;;;;;;;;;;;;;;;
TOG2;A2;;1;PLAIN;;;;;;;;;;;;;;;;;;;;
TOG2;A2;;1;CR2;CH;;;;;;;;;;;;;;;;;;;
TOG2;A2;;1;RSO;CH;CR6;SI4;;;;;;;;;;;;;;;;;
TOG2;A20;;3;VPR;;;;;;;;;;;;;;;;;;;;
TOG2;A20;;22;CR4;;;;;;;;;;;;;;;;;;;;
TOG2;A20;;4;CR2;;;;;;;;;;;;;;;;;;;;
TOG2;A20;;5;RSO;;;;;;;;;;;;;;;;;;;;
TOG2;A20;;8;PLAIN;;;;;;;;;;;;;;;;;;;;
TOG2;A20;;3;EROD;;;;;;;;;;;;;;;;;;;;
TOG2;A20;;1;PLAIN;CR4;;;;;;;;;;;;;;;;;;;
TOG2;A20;;3;CR4;P-R;;;;;;;;;;;;;;;;;;;
TOG2;A20;;1;CR2;P-R;;;;;;;;;;;;;;;;;;;
TOG2;A20;;1;VPR;SI4;;;;;;;;;;;;;;;;;;;
TOG2;A20;;1;RSO;VPR;CH;;;;;;;;;;;;;;;;;;
TOG2;A20;;1;RSO;CH;CR2;CH;;;;;;;;;;;;;;;;;
TOG2;A21;;3;RSO;;;;;;;;;;;;;;;;;;;;
TOG2;A21;;1;CR2;;;;;;;;;;;;;;;;;;;;
TOG2;A21;;10;EROD;;;;;;;;;;;;;;;;;;;;
TOG2;A21;;5;VPR;;;;;;;;;;;;;;;;;;;;
TOG2;A21;;5;PLAIN;;;;;;;;;;;;;;;;;;;;
TOG2;A21;;1;CR4G;;;;;;;;;;;;;;;;;;;;
TOG2;A21;;37;CR4;;;;;;;;;;;;;;;;;;;;
TOG2;A21;;1;RSO;MCH;;;;;;;;;;;;;;;;;;;
TOG2;A21;;3;RSO;CH;CR2;;;;;;;;;;;;;;;;;;
TOG2;A21;;2;CR4;P-R;SI4;;;;;;;;;;;;;;;;;;
TOG2;A21;;3;CR4;SI4;;;;;;;;;;;;;;;;;;;
TOG2;A21;;1;CR2;SI4;CR4;;;;;;;;;;;;;;;;;;
TOG2;A21;;1;RSO;CH;P-W-L;CR2;;;;;;;;;;;;;;;;;
TOG2;A22;;7;CR4;;;;;;;;;;;;;;;;;;;;
TOG2;A22;;2;VPR;;;;;;;;;;;;;;;;;;;;
TOG2;A22;;1;CR2;;;;;;;;;;;;;;;;;;;;
TOG2;A22;;1;PLAIN;;;;;;;;;;;;;;;;;;;;
TOG2;A22;;2;EROD;;;;;;;;;;;;;;;;;;;;
TOG2;A23;;2;CR4;SI4;;;;;;;;;;;;;;;;;;;
TOG2;A23;;9;PLAIN;;;;;;;;;;;;;;;;;;;;
TOG2;A23;;11;VPR;;;;;;;;;;;;;;;;;;;;
TOG2;A23;;2;CR4;P-R;;;;;;;;;;;;;;;;;;;
TOG2;A23;;5;VPR;SI4;;;;;;;;;;;;;;;;;;;
TOG2;A23;;3;CR2;;;;;;;;;;;;;;;;;;;;
TOG2;A23;;9;CR2;SI4;;;;;;;;;;;;;;;;;;;
TOG2;A23;;6;RSO;CH;;;;;;;;;;;;;;;;;;;
TOG2;A23;;1;PLAIN;CH;;;;;;;;;;;;;;;;;;;
TOG2;A23;;15;EROD;;;;;;;;;;;;;;;;;;;;
TOG2;A23;;95;CR4;;;;;;;;;;;;;;;;;;;;
TOG2;A23;;1;PFR;;;;;;;;;;;;;;;;;;;;
TOG2;A23;;3;CR6;;;;;;;;;;;;;;;;;;;;
TOG2;A23;;4;CR4;PLAIN;;;;;;;;;;;;;;;;;;;
TOG2;A23;;6;RSO;;;;;;;;;;;;;;;;;;;;
TOG2;A23;;2;RSO;CH;CR2;SI4;;;;;;;;;;;;;;;;;
TOG2;A23;;1;P-R;SI4;CR2;;;;;;;;;;;;;;;;;;
TOG2;A23;;1;P-R-L;EROD;;;;;;;;;;;;;;;;;;;
TOG2;A23;;2;VPR;CH;;;;;;;;;;;;;;;;;;;
TOG2;A23;;1;CR4;CH;;;;;;;;;;;;;;;;;;;
TOG2;A23;;1;CR2;P-R;;;;;;;;;;;;;;;;;;;
TOG2;A23;;1;CR4;SI4;;;;;;;;;;;;;;;;;;;
TOG2;A23;;1;RSO;PA3;CR4;;;;;;;;;;;;;;;;;;
TOG2;A23;;1;RSO;CH;P-W-L;CR2;;;;;;;;;;;;;;;;;
TOG2;A23;;1;CR2;CR4;SI4;P-W-L;;;;;;;;;;;;;;;;;
TOG2;A23;;1;CR6;P-R;SI4;;;;;;;;;;;;;;;;;;
TOG2;A24;;3;CR2;;;;;;;;;;;;;;;;;;;;
TOG2;A24;;4;VPR;;;;;;;;;;;;;;;;;;;;
TOG2;A24;;1;CR6;;;;;;;;;;;;;;;;;;;;
TOG2;A24;;5;EROD;;;;;;;;;;;;;;;;;;;;
TOG2;A24;;44;CR4;;;;;;;;;;;;;;;;;;;;
TOG2;A24;;2;CR4G;;;;;;;;;;;;;;;;;;;;
TOG2;A24;;5;PLAIN;;;;;;;;;;;;;;;;;;;;
TOG2;A24;;1;CR4;P-R;;;;;;;;;;;;;;;;;;;
TOG2;A24;;1;CR2;CH;CR4;;;;;;;;;;;;;;;;;;
TOG2;A24;;1;CR2;P-R;CH;;;;;;;;;;;;;;;;;;
TOG2;A24;;1;CR2;CH;SI4;;;;;;;;;;;;;;;;;;
TOG2;A24;;1;CR2;CH;P-RB-W;;;;;;;;;;;;;;;;;;
TOG2;A24;;1;CR4;SI4;CR2;P-R;;;;;;;;;;;;;;;;;
TOG2;A24;;1;CR2;SI4;;;;;;;;;;;;;;;;;;;
TOG2;A24;;1;CR4;SI4;P-R;;;;;;;;;;;;;;;;;;
TOG2;A24;;1;VPR;CH;;;;;;;;;;;;;;;;;;;
TOG2;A26;;6;RSO;;;;;;;;;;;;;;;;;;;;
TOG2;A26;;1;VPR;;;;;;;;;;;;;;;;;;;;
TOG2;A26;;9;PLAIN;;;;;;;;;;;;;;;;;;;;
TOG2;A26;;2;EROD;;;;;;;;;;;;;;;;;;;;
TOG2;A26;;2;CR4G;;;;;;;;;;;;;;;;;;;;
TOG2;A26;;22;CR4;;;;;;;;;;;;;;;;;;;;
TOG2;A26;;1;RSO;MCH;VPR;;;;;;;;;;;;;;;;;;
TOG2;A26;;5;CR2;SI4;;;;;;;;;;;;;;;;;;;
TOG2;A26;;1;PLAIN;P-R;;;;;;;;;;;;;;;;;;;
TOG2;A26;;1;RSO;CH;;;;;;;;;;;;;;;;;;;
TOG2;A26;;1;PLAIN;CR4;;;;;;;;;;;;;;;;;;;
TOG2;A26;;1;VPR;CH;;;;;;;;;;;;;;;;;;;
TOG2;A27;;13;RSO;;;;;;;;;;;;;;;;;;;;
TOG2;A27;;16;EROD;;;;;;;;;;;;;;;;;;;;
TOG2;A27;;100;CR4;;;;;;;;;;;;;;;;;;;;
TOG2;A27;;1;CR4G;;;;;;;;;;;;;;;;;;;;
TOG2;A27;;15;VPR;;;;;;;;;;;;;;;;;;;;
TOG2;A27;;3;CR2;;;;;;;;;;;;;;;;;;;;
TOG2;A27;;18;PLAIN;;;;;;;;;;;;;;;;;;;;
TOG2;A27;;2;CR2;;;;;;;;;;;;;;;;;;;;
TOG2;A27;;3;CR6;;;;;;;;;;;;;;;;;;;;
TOG2;A27;;6;CR2;SI4;P-R;;;;;;;;;;;;;;;;;;
TOG2;A27;;2;CR2;SI4;;;;;;;;;;;;;;;;;;;
TOG2;A27;;1;RSO;CH;VPR;;;;;;;;;;;;;;;;;;
TOG2;A27;;6;RSO;CH;CR2;;;;;;;;;;;;;;;;;;
TOG2;A27;;1;CR4;CH;CR6;;;;;;;;;;;;;;;;;;
TOG2;A27;;1;CR4;VPR;;;;;;;;;;;;;;;;;;;
TOG2;A27;;2;CR4;SI4;;;;;;;;;;;;;;;;;;;
TOG2;A27;;2;VPR;SI4;;;;;;;;;;;;;;;;;;;
TOG2;A27;;1;VPR;SI4;P-R;;;;;;;;;;;;;;;;;;
TOG2;A27;;2;RSO;CH;;;;;;;;;;;;;;;;;;;
TOG2;A27;;1;RSO;MCH;;;;;;;;;;;;;;;;;;;
TOG2;A27;;1;RSO;MCH;VPR;;;;;;;;;;;;;;;;;;
TOG2;A27;;1;PLAIN;P-R;;;;;;;;;;;;;;;;;;;
TOG2;A27;;1;PLAIN;CR4;;;;;;;;;;;;;;;;;;;
TOG2;A3;;30;CR4;;;;;;;;;;;;;;;;;;;;
TOG2;A3;;5;CR4G;;;;;;;;;;;;;;;;;;;;
TOG2;A3;;6;PLAIN;;;;;;;;;;;;;;;;;;;;
TOG2;A3;;6;VPR;;;;;;;;;;;;;;;;;;;;
TOG2;A3;;3;CR6;;;;;;;;;;;;;;;;;;;;
TOG2;A3;;4;RSO;;;;;;;;;;;;;;;;;;;;
TOG2;A3;;3;EROD;;;;;;;;;;;;;;;;;;;;
TOG2;A3;;1;VPR;P-R;;;;;;;;;;;;;;;;;;;
TOG2;A3;;1;RSO;CH;VPR;;;;;;;;;;;;;;;;;;
TOG2;A3;;1;CR4;P-R;;;;;;;;;;;;;;;;;;;
TOG2;A4;;48;CR4;;;;;;;;;;;;;;;;;;;;
TOG2;A4;;5;VPR;;;;;;;;;;;;;;;;;;;;
TOG2;A4;;12;RSO;;;;;;;;;;;;;;;;;;;;
TOG2;A4;;3;CR4G;;;;;;;;;;;;;;;;;;;;
TOG2;A4;;7;EROD;;;;;;;;;;;;;;;;;;;;
TOG2;A4;;6;PLAIN;;;;;;;;;;;;;;;;;;;;
TOG2;A4;;2;CR2;;;;;;;;;;;;;;;;;;;;
TOG2;A4;;1;VPR;SI4;;;;;;;;;;;;;;;;;;;
TOG2;A4;;1;VPR;CR2;;;;;;;;;;;;;;;;;;;
TOG2;A4;;1;CR4;SI4;P-B;;;;;;;;;;;;;;;;;;
TOG2;A4;;1;PFR;SI4;;;;;;;;;;;;;;;;;;;
TOG2;A4;;1;RSO;VPR;CH;;;;;;;;;;;;;;;;;;
TOG2;A4;;1;RSO;CH;EROD;;;;;;;;;;;;;;;;;;
TOG2;A4;;1;CR4;VPR;;;;;;;;;;;;;;;;;;;
TOG2;A4;;1;CR?;MCH;;;;;;;;;;;;;;;;;;;
TOG2;A4;;1;RSO;PA4;VPR;;;;;;;;;;;;;;;;;;
TOG2;A4;;1;VPR;CH;;;;;;;;;;;;;;;;;;;
TOG2;A4;;1;PFR;;;;;;;;;;;;;;;;;;;;
TOG2;A5;;22;EROD;;;;;;;;;;;;;;;;;;;;
TOG2;A5;;3;PLAIN;;;;;;;;;;;;;;;;;;;;
TOG2;A5;;10;VPR;;;;;;;;;;;;;;;;;;;;
TOG2;A5;;7;RSO;;;;;;;;;;;;;;;;;;;;
TOG2;A5;;30;CR4;;;;;;;;;;;;;;;;;;;;
TOG2;A5;;2;CR2;;;;;;;;;;;;;;;;;;;;
TOG2;A5;;2;CR6;;;;;;;;;;;;;;;;;;;;
TOG2;A5;;3;CR?;;;;;;;;;;;;;;;;;;;;
TOG2;A5;;1;CR4;P-W;;;;;;;;;;;;;;;;;;;
TOG2;A5;;1;CR4;P-B-L;P-W;;;;;;;;;;;;;;;;;;
TOG2;A5;;1;CH;VPR;;;;;;;;;;;;;;;;;;;
TOG2;A5;;3;CR4;P-R;;;;;;;;;;;;;;;;;;;
TOG2;A5;;4;CR4;SI4;P-R;;;;;;;;;;;;;;;;;;
TOG2;A5;;3;CR2;CH;;;;;;;;;;;;;;;;;;;
TOG2;A5;;1;VPR;SI4;;;;;;;;;;;;;;;;;;;
TOG2;A5;;1;CR8;SI4;P-R;;;;;;;;;;;;;;;;;;
TOG2;A5;;1;RSO;CH;CR2;;;;;;;;;;;;;;;;;;
TOG2;A5;;1;CR6;SI;P-B;;;;;;;;;;;;;;;;;;
TOG2;A5;;1;CR4;CR2;;;;;;;;;;;;;;;;;;;
TOG2;A5;;1;RSO;CH;CR6;;;;;;;;;;;;;;;;;;
TOG2;A6;;1;PLAIN;;;;;;;;;;;;;;;;;;;;
TOG2;A6;;2;VPR;;;;;;;;;;;;;;;;;;;;
TOG2;A6;;22;CR4;;;;;;;;;;;;;;;;;;;;
TOG2;A6;;1;CR4G;;;;;;;;;;;;;;;;;;;;
TOG2;A6;;2;RSO;;;;;;;;;;;;;;;;;;;;
TOG2;A6;;3;EROD;;;;;;;;;;;;;;;;;;;;
TOG2;A6;;1;CR6;;;;;;;;;;;;;;;;;;;;
TOG2;A6;;1;CR3;;;;;;;;;;;;;;;;;;;;
TOG2;A6;;1;RSO;CR4;;;;;;;;;;;;;;;;;;;
TOG2;A6;;3;CR4;P-R;;;;;;;;;;;;;;;;;;;
TOG2;A6;;2;VPR;P-R;;;;;;;;;;;;;;;;;;;
TOG2;A6;;1;RSO;VPR;SI4;;;;;;;;;;;;;;;;;;
TOG2;A6;;1;CR4;P-R-L;SI4;;;;;;;;;;;;;;;;;;
TOG2;A6;;1;RSO;CH;CR2;;;;;;;;;;;;;;;;;;
TOG2;A7;;3;VPR;;;;;;;;;;;;;;;;;;;;
TOG2;A7;;6;CR4;;;;;;;;;;;;;;;;;;;;
TOG2;A7;;1;CR4;CH;;;;;;;;;;;;;;;;;;;
TOG2;A7;;1;CR2;;;;;;;;;;;;;;;;;;;;
TOG2;A7;;3;EROD;;;;;;;;;;;;;;;;;;;;
TOG2;A7;;1;PLAIN;;;;;;;;;;;;;;;;;;;;
TOG2;A8;;35;CR4;;;;;;;;;;;;;;;;;;;;
TOG2;A8;;1;CR4G;;;;;;;;;;;;;;;;;;;;
TOG2;A8;;1;VPR;;;;;;;;;;;;;;;;;;;;
TOG2;A8;;1;CR6;;;;;;;;;;;;;;;;;;;;
TOG2;A8;;5;EROD;;;;;;;;;;;;;;;;;;;;
TOG2;A8;;5;RSO;;;;;;;;;;;;;;;;;;;;
TOG2;A8;;6;PLAIN;;;;;;;;;;;;;;;;;;;;
TOG2;A8;;1;CR2;;;;;;;;;;;;;;;;;;;;
TOG2;A8;;3;CR2;SI4;;;;;;;;;;;;;;;;;;;
TOG2;A8;;2;CR2;SI4;P-R;;;;;;;;;;;;;;;;;;
TOG2;A8;;4;RSO;CH;;;;;;;;;;;;;;;;;;;
TOG2;A8;;1;CR4;PLAIN;;;;;;;;;;;;;;;;;;;
TOG2;A8;;1;CR4;P-R;;;;;;;;;;;;;;;;;;;
TOG2;A8;;2;VPR;SI4;P-R;;;;;;;;;;;;;;;;;;
TOG2;A8;;1;PFR;CR4;SI4;P-R;;;;;;;;;;;;;;;;;
TOG2;A8;;1;CR2;;;;;;;;;;;;;;;;;;;;
TOG2;A8;;1;BLACK BURNISHED;;;;;;;;;;;;;;;;;;;;
TOG2;A9;;87;CR4;;;;;;;;;;;;;;;;;;;;
TOG2;A9;;13;PLAIN;;;;;;;;;;;;;;;;;;;;
TOG2;A9;;7;RSO;;;;;;;;;;;;;;;;;;;;
TOG2;A9;;5;CR4G;;;;;;;;;;;;;;;;;;;;
TOG2;A9;;1;CR2;;;;;;;;;;;;;;;;;;;;
TOG2;A9;;14;VPR;;;;;;;;;;;;;;;;;;;;
TOG2;A9;;9;EROD;;;;;;;;;;;;;;;;;;;;
TOG2;A9;;1;CR6;;;;;;;;;;;;;;;;;;;;
TOG2;A9;;5;CR4;P-R;;;;;;;;;;;;;;;;;;;
TOG2;A9;;2;CR4;SI4;CR2;;;;;;;;;;;;;;;;;;
TOG2;A9;;1;CR4;CH;RSO;;;;;;;;;;;;;;;;;;
TOG2;A9;;2;CR4;CH;P-R;;;;;;;;;;;;;;;;;;
TOG2;A9;;1;VPR;CH;P-R;;;;;;;;;;;;;;;;;;
TOG2;A9;;1;VPR;MCH;P-R;P-B-L;;;;;;;;;;;;;;;;;
TOG2;A9;;1;PLAIN;CR4;;;;;;;;;;;;;;;;;;;
TOG2;A9;;1;CR4;SI4;P-R;;;;;;;;;;;;;;;;;;
