Site;Context;Horizon;Parts;MaxTh;MinTh;RimAngle;RimType;Diameter;Temper;Burnish;Slip;Motif1;Loc1;Motif2;Loc2;Motif3;Loc3;Motif4;Loc4;Type;;
TOG2;20;D;LNS;6;5;6;L2;8;31;0;0;PLAIN;LNS;;;;;;;;;
TOG2;20;D;LN;7;4;6;L2;9;31;0;N;PLAIN;LN;;;;;;;;;
TOG2;20;D;LNS;9;7;6;E90;N/A;31;0;0;PLAIN;LNS;;;;;;;;;
TOG2;20;D;LNS;21;7;2;XY2;N/A;31;L;L;P-R-W;NS;CR4;S;;;;;;;
TOG2;20;D;LNS;22;9;2;XY2;N/A;31;L;L;P-R-W;N;CR4;S;;;;;;;
TOG2;20;D;LNS;16;5;2;XY2;N/A;31;L;L;P-R-W;N;CR4;S;;;;;;;
TOG2;20;D;LNS;11;9;N/A;S1;N/A;31;T/O;T/O;RSO;LN;CR4;S;;;;;;;
TOG2;20;D;LNS;11;8;2;S19;23;31;T/O;T/O;RSO;LN;CH;S;;;;;;;
TOG2;1;A;LNS;20;11;4;N4;28;31;L;L;CH;L;CR4;NS;;;;;;;
TOG2;1;A;LNS;18;10;2;N4;14;31;;;CR4;NS;;;;;;;;;
TOG2;1;A;LNS;20;14;2;N1;18;32;LN;LN;CR4;S;;;;;;;;;
TOG2;1;A;LNS;14;10;2;N5b;18;31;LN;L;CR4;S;;;;;;;;;
TOG2;1;A;LNS;20;12;2;N4;INDETER;31;LN;;CR4;S;;;;;;;;;
TOG2;1;A;LNS;16;11;2;S1;20;32;;;CR4;S;;;;;;;;;
TOG2;1;A;LNS;14;11;2;N4;INDETER;31;;;CR4;S;;;;;;;;;
TOG2;1;A;LNS;12;9;3;S1;34;31;;;EROD;S;;;;;;;;;
TOG2;1;A;LNS;16;11;4;S1;26;31;;;EROD;S;;;;;;;;;
TOG2;1;A;LNS;11;10;6;L2;INDETER;31;;;EROD;S;;;;;;;;;
TOG2;1;A;LNS;14;9;6;L2;42;31;;;EROD;S;;;;;;;;;
TOG2;1;A;LNS;20;18;2;S14;INDETER;31;;;PLAIN;NS;;;;;;;;;
TOG2;10;B;LNS;10;8;1;S1;N/A;31;L+INT;L+INT;CH;N;CR2;S;;;;;;;
TOG2;10;B;LNS;15;9;1;N8;18;31;LN;LN;CH;N;CR4;S;;;;;;;
TOG2;10;B;LNS;15;12;2;S1;N/A;31;LN;LN;CH;N;CR4;S;;;;;;;
TOG2;10;B;LNS;14;9;2;S1;18;32;LN;LN;CH;N;CR2;S;;;;;;;
TOG2;10;B;LNS;13;12;2;S1;22;31;;;CH ;Nint;CH ;NS;CR4;NS;;;;;
TOG2;10;B;LNS;12;9;4;S1;INDETER;31;;;CH ;Hint;EROD;NS;;;;;;;
TOG2;10;B;LNS;19;7;2;XY2;21;31;L;L;CR4;S;;;;;;;;;
TOG2;10;B;LNS;31;31;2;S1;N/A;31;0;0;CR4;S;;;;;;;;;
TOG2;10;B;LNS;13;12;3;N7;21;31;INT;INT;CR4;S;;;;;;;;;
TOG2;10;B;LNS;16;7;2;XY2;13;31;L;L;CR4;S;;;;;;;;;
TOG2;10;B;LNS;18;10;1;XY2;18;31;L;L;CR4;S;;;;;;;;;
TOG2;10;B;LNS;16;11;3;N7;28;31;L+INT;L+INT;CR4;S;;;;;;;;;
TOG2;10;B;LNS;14;7;2;S7;13;31;L;L;CR4;S;;;;;;;;;
TOG2;10;B;LNS;11;9;2;S1;12;31;L;L;CR4;S;;;;;;;;;
TOG2;10;B;LNS;12;10;2;N/A;N/A;31;L;0;CR4;S;;;;;;;;;
TOG2;10;B;LNS;16;7;2;XY2;10;31;L;L;CR4;S;;;;;;;;;
TOG2;10;B;LNS;12;8;2;XY1;15;31;0;0;CR4;S;;;;;;;;;
TOG2;10;B;LNS;18;11;2;XY2;18;31;L;L;CR4;S;;;;;;;;;
TOG2;10;B;LNS;15;14;1;S1;36;31;L;0;CR4;S;;;;;;;;;
TOG2;10;B;LNS;22;17;2;XY4;24;32;;;CR4;S;;;;;;;;;
TOG2;10;B;LNS;21;12;2;XY4;INDETER;31;LN;LN;CR4;S;;;;;;;;;
TOG2;10;B;LNS;27;27;6;L2;30;31;0;0;CR4G;NS;;;;;;;;;
TOG2;10;B;LNS;13;11;1;N8;15;31;LN;LN;EROD;S;;;;;;;;;
TOG2;10;B;LNS;14;10;2;S1;14;31;;;EROD;NS;;;;;;;;;
TOG2;10;B;LNS;11;11;2;S1;22;31;;;EROD;NS;;;;;;;;;
TOG2;10;B;LN;11;8;N/A;N/A;N/A;31;T/O;0;MCH;LN;;;;;;;;;
TOG2;10;B;LNS;11;11;6;E90;28;31;0;0;PLAIN;LN;ROUGHENED;S;;;;;;;
TOG2;10;B;LNS;9;7;6;E90;14;31;0;0;PLAIN;LN;ROUGHENED;S;;;;;;;
TOG2;10;B;LN;9;9;;BT3;INDETER;31;LN;LN;PLAIN;LN;;;;;;;;;
TOG2;10;B;LNS;10;8;N/A;S1;N/A;31;L+INT;L+INT;RSO;LN;CH;N;CR2;S;;;;;
TOG2;10;B;LN;10;8;1;S1;8;31;LN;LN;RSO;LN;MCH;LN;;;;;;;
TOG2;10;B;LN;15;14;N/A;BT3;9;31;T/O;T/O;RSO;LN;;;;;;;;;
TOG2;10;B;LNS;19;8;1;XY3;10;31;L;L;VPR;S;P-R-L;S;;;;;;;
TOG2;10;B;LNS;13;11;3;S1;20;31;;LN;VPR;S;;;;;;;;;
TOG2;10;B;LNS;12;10;1;XY1;24;31;;;VPR;S;;;;;;;;;
TOG2;10;B;LNS;16;14;1;N8;50;31;L+INT;L+INT;;;;;;;;;;;
TOG2;11;B;LNS;10;9;4;S1;12;31;;;CH;N;PLAIN;S;;;;;;;
TOG2;11;B;LNS;13;9;2;S1;22;31;LN;LN;CH;LinT;CR4;S;;;;;;;
TOG2;11;B;LNS;30;31;2;S1;N/A;31;0;0;CR4;NS;;;;;;;;;
TOG2;11;B;LNS;12;8;4;S1;20;31;;;CR4;S;;;;;;;;;
TOG2;11;B;LNS;16;10;4;S1;30;32;;;CR4;S;;;;;;;;;
TOG2;11;B;LNS;19;15;2;XY2;14;31;L;L;CR4;S;;;;;;;;;
TOG2;11;B;LNS;29;21;4;S1;28;31;;;CR4;S;;;;;;;;;
TOG2;11;B;LNS;14;10;2;S1;24;31;LN;LN;CR4;S;;;;;;;;;
TOG2;11;B;LNS;18;9;2;XY3;16;31;;;CR4;S;;;;;;;;;
TOG2;11;B;LNS;12;10;4;S1;20;31;LN;LN;EROD;S;;;;;;;;;
TOG2;11;B;LNS;19;11;2;E1;28;31;LN;LN;EROD;S;;;;;;;;;
TOG2;11;B;B;13;13;;B8;6;31;;;EROD;BASE;;;;;;;;;
TOG2;11;B;LNS;14;6;4;S1;28;31;;;MCH;Nint;Roulette en bois;NS;;;;;;;
TOG2;11;B;LNS;12;0;3;S1;12;31;LNS;LNS;PLAIN;LNS;;;;;;;;;
TOG2;11;B;LN;12;10;;BT3;10;31;LN;LN;PLAIN;LN;;;;;;;;;
TOG2;11;B;LNS;11;8;6;E90;8;31;;LNS;PLAIN;LNS;;;;;;;;;
TOG2;11;B;LNS;10;6;2;E1;14;31;;LN;VPR;S;;;;;;;;;
TOG2;11;B;LNS;12;10;2;S1;17;31;LN+IN;LN+IN;CH;N;CR4;S;;;;;;;
TOG2;11;B;LNS;16;12;2;S1;18;31;0;0;CH;N;CR4;S;;;;;;;
TOG2;11;B;LNS;19;8;1;XY3;11;31;L;L;CR4;S;;;;;;;;;
TOG2;11;B;LNS;19;6;1;S1;22;31;0;0;PLAIN;LN;CH;N;CR4;S;;;;;
TOG2;11;B;LNSM;9;8;1;S1;19;31;0;0;P-R-L;L;VPR;NSM;EROD;M;;;;;
TOG2;11;B;LNSM;8;6;2;S7;19;31;0;0;P-R-L;L;CR4;NSM;;;;;;;
TOG2;11;B;N;16;10;1;BT3;5;31;T/O;T/O;RSO;N;;;;;;;;;
TOG2;12;C;LNS;8;8;2;S7;19;31;0;0;CR4;NS;;;;;;;;;
TOG2;13;C;LNS;14;1;2;S5;INDETER;31;LN;LN;CH;N;CR4;S;;;;;;;
TOG2;13;C;LNS;14;9;2;S1;20;31;L;L;CH;N;CR4;S;;;;;;;
TOG2;13;C;LNS;12;9;3;S1;INDETER;31;LN;LN;CH;N;CR4;S;;;;;;;
TOG2;13;C;LNS;14;10;2;S1;18;31;LN;LN;CH;N;CR4;S;;;;;;;
TOG2;13;C;LN;11;7;6;L2;28;31;;;CH;Lint;;;;;;;;;
TOG2;13;C;LN;16;10;2;S1;INDETER;31;LN;LN;CH ;Lint;;;;;;;;;
TOG2;13;C;LNS;14;10;2;S1;16;31;LN;LN;CR2;S;;;;;;;;;
TOG2;13;C;LNS;19;11;2;S15;30;31;L;L;CR4;S;;;;;;;;;
TOG2;13;C;LNS;12;9;2;S10;20;31;;;CR4;S;;;;;;;;;
TOG2;13;C;LNS;2;8;1;XY1;INDETER;31;;;CR4;S;;;;;;;;;
TOG2;13;C;LNS;12;9;2;S10;18;31;L;L;CR4;S;;;;;;;;;
TOG2;13;C;LNS;12;9;2;S10;INDETER;31;L;L;CR4;S;;;;;;;;;
TOG2;13;C;LNS;14;11;4;S1;22;31;;;CR4;NS;;;;;;;;;
TOG2;13;C;LNS;17;14;2;S1;28;31;L;L;CR4;S;;;;;;;;;
TOG2;13;C;LNS;17;11;3;S1;30;31;LN;LN;CR4;S;;;;;;;;;
TOG2;13;C;LNS;44;36;3;S1;INDETER;31;;;CR4G;NS;;;;;;;;;
TOG2;13;C;LNS;16;12;4;S5;26;31;L;L;EROD;S;;;;;;;;;
TOG2;13;C;LNS;20;12;1;XY1;22;31;L;L;EROD;S;;;;;;;;;
TOG2;13;C;LNS;15;12;6;L2;INDETER;31;;;EROD;S;;;;;;;;;
TOG2;13;C;LNS;16;10;2;S1;16;31;LN;LN;EROD;S;;;;;;;;;
TOG2;13;C;LNS;14;8;6;E90;INDETER;31;;LN;EROD;S;;;;;;;;;
TOG2;13;C;LNS;22;14;4;S1;36;32;;;MCH;N;CR4;S;;;;;;;
TOG2;13;C;LNS;21;13;4;S1;20;31;;;PLAIN;S;;;;;;;;;
TOG2;13;C;LN;15;11;4;S1;INDETER;31;LN;LN;PLAIN;LN;;;;;;;;;
TOG2;13;C;LN;19;10;;BT3;10;31;LN;LN;PLAIN;LN;;;;;;;;;
TOG2;13;C;LNS;20;1;1;XY3;20;31;LN;LN;P-R-L-N;N;CR4;S;;;;;;;
TOG2;13;C;NS;13;5;1;E;5;31;T/O;T/O;RSO;NS;;;;;;;;;
TOG2;14;C;LNS;11;11;2;S1;19;31;0;LN;CH;N;CR6;S;;;;;;;
TOG2;14;C;LNSM;14;6;2;S3;12;31;;N;CH;N;CR2;SM;;;;;;;
TOG2;14;C;LNSM;14;1;2;S1;24;31;LN;LN;CH;N;CR4;SM;;;;;;;
TOG2;14;C;LNS;13;9;2;S1;22;31;LN;LN;CH;L;CH ;N;CR4;S;;;;;
TOG2;14;C;B;16;13;;B3;8;32;;;CR4;BASE;;;;;;;;;
TOG2;14;C;LNS;17;10;2;S1;18;32;LN;LN;EROD;S;;;;;;;;;
TOG2;14;C;LNS;11;9;2;S1;18;31;LN;LN;MCH;S;;;;;;;;;
TOG2;14;C;LNS;11;10;4;S9;26;31;;;PLAIN;LNS;;;;;;;;;
TOG2;14;C;LN;9;7;;BT3;10;31;LN;LN;PLAIN;LN;;;;;;;;;
TOG2;14;C;LN;12;6;;BT3;8;31;LN;LN;PLAIN;LN;;;;;;;;;
TOG2;14;C;LN;11;8;;BT3;6;31;LN;LN;PLAIN;LN;;;;;;;;;
TOG2;14;C;LNS;16;10;1;E6;INDETER;31;LN;LN;PLAIN;LNS;;;;;;;;;
TOG2;15;C;LNS;14;11;3;S1;25;31;LN;LN;CH;N;CR4;S;;;;;;;
TOG2;15;C;LNS;15;9;2;S1;20;31;LN;LN;CH;N;CR4;S;;;;;;;
TOG2;15;C;LNS;14;8;2;S15;18;32;;;CR2;S;;;;;;;;;
TOG2;15;C;LNS;16;9;2;XY1;20;31;LN;LN;CR4;S;;;;;;;;;
TOG2;15;C;LNS;16;13;2;XY2;INDETER;32;LN;LN;CR4;S;;;;;;;;;
TOG2;15;C;LN;13;11;;BT3;14;31;LN;LN;PLAIN;LN;;;;;;;;;
TOG2;16;C;LNS;16;9;1;XY3;17;31;L;L;CR4;S;P-R-L;S;;;;;;;
TOG2;16;C;LS;24;13;N/A;Y;N/A;32;L;LS;CR4;S;CH;S;;;;;;;
TOG2;16;C;LNS;38;32;5;S1;21;31;0;0;CR4;NS;;;;;;;;;
TOG2;16;C;LNS;16;12;2;N/A;23;31;0;LN;CR4;S;;;;;;;;;
TOG2;16;C;LN;10;8;1;E7;16;31;0;0;PLAIN;LN;;;;;;;;;
TOG2;16;C;LNS;12;11;6;L2;N/A;31;0;0;PLAIN;LN;ROUGHENED;S;;;;;;;
TOG2;16;C;LNS;12;10;6;L2;15;31;0;0;PLAIN;LN;ROUGHENED;S;;;;;;;
TOG2;16;C;LNS;9;6;6;L2/F2;9;31;0;0;PLAIN;LNS;;;;;;;;;
TOG2;16;C;LNS;12;8;6;L2;N/A;31;0;0;PLAIN;LN;ROUGHENED;S;;;;;;;
TOG2;16;C;LN;13;8;2;S1;17;31;T/O;T/O;P-W-L;L;RSO;LNS;P-W-L;S;CH;S;;;
TOG2;16;C;LN;12;8;1;S1;15;31;T/O;T/O;RSO;LN;;;;;;;;;
TOG2;16;C;LNS;11;9;1;S1;N/A;31;LN;LN;RSO;LN;CH;S;CR2;S;;;;;
TOG2;16;C;LN;4;8;6;L2;17;31;T/O;T/O;RSO;LN;;;;;;;;;
TOG2;16;C;LN;24;11;2;XY4;N/A;31;L;L;;;;;;;;;;;
TOG2;17;D;LNSM;17;15;3;C6;20;31;LN;LN;CH;S;VPR;M;;;;;;;
TOG2;17;D;LNS;23;16;3;S1;36;32;0;NS;CH;S;CR4;S;;;;;;;
TOG2;17;D;LNS;12;10;4;S1;24;31;;LN;CH;N;CR4;S;;;;;;;
TOG2;17;D;LNSM;18;8;2;XY2;16;31;LN;LN;CR4;SM;;;;;;;;;
TOG2;17;D;LNS;15;6;1;XY3;26;31;L;LN;CR4;S;;;;;;;;;
TOG2;17;D;LNS;13;11;3;XY1;N/A;31;L;LN;CR4;S;;;;;;;;;
TOG2;17;D;LNS;49;39;3;N7;12;31;0;0;CR4;S;;;;;;;;;
TOG2;17;D;LNS;12;8;3;S1;18;31;LN;LN;CR4;S;;;;;;;;;
TOG2;17;D;LNS;13;10;2;S1;18;31;LN;LN;CR4;S;;;;;;;;;
TOG2;17;D;LNS;13;9;4;S1;20;31;;;EROD;S;;;;;;;;;
TOG2;17;D;LNS;12;9;2;S1;14;31;LN;LN;MCH;N;CH;S;PLAIN;LNS;;;;;
TOG2;17;D;LN;17;9;N/A;N7;N/A;31;T/O;T/O;PLAIN;LN;;;;;;;;;
TOG2;17;D;LNS;14;11;6;E90;26;31;0;L+INT;PLAIN;LN;ROUGHENED;S;;;;;;;
TOG2;17;D;B;17;11;N/A;B5;12;31;0;0;PLAIN;B;;;;;;;;;
TOG2;17;D;LN;13;8;;BT3;10;31;LN;LN;PLAIN;LN;;;;;;;;;
TOG2;17;D;LNS;10;9;1;S1;6;31;T/O;T/O;RSO;LNS;;;;;;;;;
TOG2;17;D;LNS;15;11;N/A;S1;N/A;31;LNS;LNS;RSO;LNS;CR4;S;;;;;;;
TOG2;17;D;LNS;18;14;1;S1;N/A;31;LNS;LNS;RSO;LNS;PA3;S;;;;;;;
TOG2;17;D;LN;11;8;3;N7;20;31;T/O;T/O;RSO;LN;CH;L;;;;;;;
TOG2;17;D;LNS;15;12;1;S9;24;31;LN;LN;RSO;LN;CR4;S;;;;;;;
TOG2;19;D;LNS;12;6;2;S1;13;31;LN;LN;CH;N;CR4;S;;;;;;;
TOG2;19;D;LNSM;12;9;4;N7;19;31;0;0;CR4;NSM;;;;;;;;;
TOG2;19;D;LNS;11;6;3;N7;20;31;0;L;CR4;NS;;;;;;;;;
TOG2;19;D;LNS;11;9;1;N8;N/A;31;LN;LN;CR4;S;P-R;S;;;;;;;
TOG2;19;D;LNS;26;24;3;S1;37;31;0;0;CR4;NS;;;;;;;;;
TOG2;19;D;LNS;16;6;2;XY2;16;31;0;LN;CR4;S;;;;;;;;;
TOG2;19;D;LNS;8;7;6;E90;38;31;0;0;PLAIN;LN;ROUGHENED;S;;;;;;;
TOG2;19;D;LNS;9;6;6;L2;7;31;0;0;PLAIN;LNS;;;;;;;;;
TOG2;19;D;LNS;12;8;3;L2;34;32;INT;INT;PLAIN;LN;EROD;S;;;;;;;
TOG2;19;D;LN;11;5;N/A;E;N/A;31;T/O;0;PLAIN;LN;;;;;;;;;
TOG2;19;D;LNS;10;6;2;N10;29;31;LNS;LNS;RSO;LNS;CH;S;VPR;S;;;;;
TOG2;19;D;LNS;9;5;2;S7;16;31;LNS;LNS;RSO;LNS;CH;S;VPR;S;;;;;
TOG2;19;D;LNS;12;8;2;S9;20;32;LNS;LNS;RSO;LNS;MCH;S;CR4;S;;;;;
TOG2;19;D;LN;12;4;2;N9;7;31;T/O;T/O;RSO;LN;;;;;;;;;
TOG2;19;D;LN;10;8;1;S1;31;31;T/O;T/O;RSO;LN;;;;;;;;;
TOG2;19;D;LN;13;10;1;N8;17;31;T/O;T/O;RSO;LN;;;;;;;;;
TOG2;19;D;LN;11;9;1;N8;20;31;LN;LN;RSO;LN;EROD;S;;;;;;;
TOG2;19;D;LN;11;10;6;L3;15;32;T/O;T/O;RSO;LN;CH;N;;;;;;;
TOG2;2;B;LNS;9;8;6;E90;14;31;L+INT;LN;CR2;S;;;;;;;;;
TOG2;2;B;LNS;17;11;2;XY4;24;31;0;LN;CR4;S;;;;;;;;;
TOG2;2;B;LNS;16;9;3;N12;17;31;L;LN;CR4;S;;;;;;;;;
TOG2;2;B;LNS;13;12;3;N7;14;31;0;0;CR4;NS;;;;;;;;;
TOG2;2;B;LNS;12;11;2;S13;26;31;0;0;EROD;S;;;;;;;;;
TOG2;2;B;LNS;12;10;6;L1;20;31;T/O;0;PLAIN;LNS;;;;;;;;;
TOG2;2;B;B;17;10;N/A;B5;11;31;0;0;PLAIN;B;;;;;;;;;
TOG2;2;B;LNS;13;11;6;E90;22;31;0;0;PLAIN;LNS;;;;;;;;;
TOG2;2;B;LNS;12;10;6;E90;24;31;0;0;PLAIN;LNS;;;;;;;;;
TOG2;2;B;LN;8;7;6;E90;16;31;0;0;PLAIN;LNS;;;;;;;;;
TOG2;2;B;LNS;9;6;2;E1;7;31;0;0;P-R-L-N;N;CR4;S;;;;;;;
TOG2;2;B;LN;10;9;6;L2;N/A;31;LN;LN;RSO;LN;;;;;;;;;
TOG2;2;B;LNS;10;9;2;S1;8;31;LNS;LNS;RSO;LNS;;;;;;;;;
TOG2;21;D;LNS;11;10;3;S1;14;31;;;CH;N;CR4;S;;;;;;;
TOG2;21;D;LNS;11;9;4;S1;16;31;;;CH;N;CR4;S;;;;;;;
TOG2;21;D;LNS;18;12;2;XY3;18;31;;;CR0;S;;;;;;;;;
TOG2;21;D;LNS;16;8;2;XY3;18;31;LN;LN;CR4;S;;;;;;;;;
TOG2;21;D;LNS;18;8;2;XY3;16;31;LN;LN;CR4;S;;;;;;;;;
TOG2;21;D;LNS;13;11;3;XY1;20;311;;;CR4;S;;;;;;;;;
TOG2;21;D;LNS;14;11;4;S1;30;32;LNint;LNint;CR4;S;;;;;;;;;
TOG2;21;D;LNS;11;8;4;E1;24;31;;;CR4;S;;;;;;;;;
TOG2;21;D;LNS;11;9;;S1;INDETER;31;;;EROD;S;;;;;;;;;
TOG2;21;D;LNS;18;10;2;S1;18;31;LN;LN;PLAIN;NS;;;;;;;;;
TOG2;22;D;LN;10;8;;BT3;10;31;LN;LN;PLAIN;LN;;;;;;;;;
TOG2;23;D;LNSM;19;13;2;S1;20;31;;LN;CH;N;CR4;S;;;;;;;
TOG2;23;D;LNS;14;11;2;S1;18;31;LN;LN;CH;N;CR4;S;;;;;;;
TOG2;23;D;LNS;11;9;3;S1;18;31;LN int ext;LN int ext;CH;N;CR4;S;;;;;;;
TOG2;23;D;LNS;11;8;2;S1;14;31;LN;LN;CH;N;CR4;S;;;;;;;
TOG2;23;D;LNS;13;10;2;S1;24;31;LN;LN;CH;N;PLAIN;LNS;;;;;;;
TOG2;23;D;LNS;14;10;3;S1;INDETER;31;LN;LN;CH;N;PLAIN;LNS;;;;;;;
TOG2;23;D;LNS;20;14;2;XY3;26;31;LN;LN;CR0;S;;;;;;;;;
TOG2;23;D;LNS;14;13;2;XY2;12;31;;;CR4;S;;;;;;;;;
TOG2;23;D;LNS;13;11;1;N1;20;31;LN;LN;CR4;S;;;;;;;;;
TOG2;23;D;LNS;20;12;2;XY2;18;31;;;CR4;S;;;;;;;;;
TOG2;23;D;LNS;12;12;2;S1;22;31;;;CR4;S;;;;;;;;;
TOG2;23;D;LNS;22;18;2;S1;28;31;LN;LN;CR4;S;;;;;;;;;
TOG2;23;D;LNS;21;15;1;S1;30;32;;;CR4;S;;;;;;;;;
TOG2;23;D;LNS;13;11;5;S1;28;31;LNint;LNint;CR4;S;PLATE?;;;;;;;;
TOG2;23;D;LNS;12;9;6;E90;20;31;;;EROD;NS;;1;;;;;;;
TOG2;23;D;LNS;11;10;2;S1;INDETER;31;;;EROD;S;;;;;;;;;
TOG2;23;D;LNS;13;9;3;S13;30;31;;;EROD;NS;;;;;;;;;
TOG2;23;D;LNS;12;9;4;S10;20;31;;;EROD;NS;;;;;;;;;
TOG2;23;D;LNS;10;9;2;S1;22;31;;;EROD;NS;;;;;;;;;
TOG2;23;D;LNS;10;8;5;L2?;18;31;;;EROD;NS;;;;;;;;;
TOG2;23;D;LNS;11;9;5;L2?;16;31;;;EROD;NS;;;;;;;;;
TOG2;23;D;LNS;13;10;2;S1;16;31;;;EROD;NS;;;;;;;;;
TOG2;23;D;LNS;14;9;3;S15;INDETER;31;;;EROD;NS;;;;;;;;;
TOG2;23;D;B;11;10;;B7;6;31;;;EROD;;BASE;;;;;;;;
TOG2;23;D;B;14;12;;B1;7;31;;;EROD;;BASE;;;;;;;;
TOG2;23;D;LNS;11;8;2;S1;14;31;;;MCH;N;PLAIN;NS;;;;;;;
TOG2;23;D;LNS;14;9;2;S1;16;31;;;PA;N;CR0;S;;;;;;;
TOG2;23;D;LNS;22;12;2;S1;20;31;;;PA;N;CR4;S;;;;;;;
TOG2;23;D;LNS;11;9;2;S1;10;31;LN;LN;PA;N;PLAIN;NS;;;;;;;
TOG2;23;D;LNS;14;10;3;S1;32;31;LN;LN;Perf;N;EROD;S;;;;;;;
TOG2;23;D;LNS;15;13;;BT3;14;31;LN;LN;PLAIN;LN;;;;;;;;;
TOG2;24;DE;LNS;13;8;4;S1;29;31;0;INT;CR4;S;;;;;;;;;
TOG2;24;DE;LNS;11;8;6;E90;25;31;INT;INT;PLAIN;NS;;;;;;;;;
TOG2;24;DE;LNS;11;10;6;L2;N/A;31;0;0;ROUGHENED;LN;CR;S;;;;;;;
TOG2;24;DE;LNS;15;13;4;S1;27;31;INT;INT;RSO;INT;CR4;S;;;;;;;
TOG2;24;DE;LN;11;8;N/A;E;15;31;T/O;T/O;RSO;LN;;;;;;;;;
TOG2;24;DE;NS;18;9;2;Y;N/A;31;L;L;VPR;S;;;;;;;;;
TOG2;26;DE;LNSM;13;10;4;S1;18;31;LN;LN;CH;N;CR4;S;P-R-Géométric;S;;;;;
TOG2;26;DE;LN;12;9;2;S1;14;31;LN;LN;CH;N;PLAIN;LN;;;;;;;
TOG2;26;DE;LN;13;11;2;S1;12;31;;;CH;N;PLAIN;LN;;;;;;;
TOG2;26;DE;LNS;33;25;;S1;INDETER;31;;;CR4;S;;;;;;;;;
TOG2;26;DE;LNS;13;8;2;E8;20;31;;;CR6;S;;;;;;;;;
TOG2;26;DE;LNS;26;12;2;XY4;14;31;;;EROD;S;;;;;;;;;
TOG2;26;DE;LNS;10;7;5;L2;42;31;;;PLAIN;LNS;;;;;;;;;
TOG2;27;DE;LNS;13;8;2;S1;16;31;;;CH;Lint;EROD;NS;;;;;;;
TOG2;27;DE;LNS;13;9;2;S1;22;31;LN;LN;CH;N;PLAIN;S;;;;;;;
TOG2;27;DE;LNS;15;11;2;S1;16;31;LN;LN;CH;L;EROD;S;;;;;;;
TOG2;27;DE;LNS;12;10;3;S1;18;31;LNint;LNint;CH;S;CR4;S;;;;;;;
TOG2;27;DE;LNS;12;9;2;S1;12;31;LN;LN;CH;N;CR4;S;;;;;;;
TOG2;27;DE;LN;9;7;2;S1;12;31;LN;LN;CH;L;PLAIN;N;;;;;;;
TOG2;27;DE;LNS;13;10;3;S1;22;31;;LN;CH;N;PLAIN;NS;;;;;;;
TOG2;27;DE;LNS;10;8;1;S1;8;31;LN;LN;CH;N;PLAIN;NS;;;;;;;
TOG2;27;DE;LNS;16;8;2;XY1;22;31;;;CR4;S;;;;;;;;;
TOG2;27;DE;LNS;15;11;2;S5;12;31;;;CR4;S;;;;;;;;;
TOG2;27;DE;LNS;16;12;4;S1;30;31;;;CR4;S;;;;;;;;;
TOG2;27;DE;LNS;13;9;4;S7;20;31;;;CR4;S;;;;;;;;;
TOG2;27;DE;LNS;20;10;2;XY3;24;31;;LN;CR4;S;;;;;;;;;
TOG2;27;DE;LNS;10;7;4;S1;24;31;;;EROD;NS;;;;;;;;;
TOG2;27;DE;LNS;12;8;6;E90;28;31;;;EROD;NS;;;;;;;;;
TOG2;27;DE;LNS;11;10;3;S1;20;31;;;EROD;S;;;;;;;;;
TOG2;27;DE;LNS;12;7;6;E90;20;31;;;EROD;S;;;;;;;;;
TOG2;27;DE;LNS;9;6;2;E8;16;31;;;EROD;NS;;;;;;;;;
TOG2;27;DE;LNS;11;8;2;E8;30;31;;;EROD;S;;;;;;;;;
TOG2;27;DE;LNS;16;9;2;XY3;24;31;;;EROD;S;;;;;;;;;
TOG2;27;DE;LNS;10;9;2;S10;18;31;LNint;LNint;EROD;S;;;;;;;;;
TOG2;27;DE;LNS;10;9;6;E90;INDETER;31;;;EROD;S;;;;;;;;;
TOG2;27;DE;LNS;13;10;5;S1;24;31;;;PLAIN;NS;PLATE?;;;;;;;;
TOG2;27;DE;LN;11;9;1;S1;16;31;LN;LN;PLAIN;LN;;;;;;;;;
TOG2;27;DE;LNS;9;6;2;S1;16;31;;;PLAIN;S;;;;;;;;;
TOG2;3;B;LNS;14;1;4;S1;18;31;LN;LN;CH;N;Inconnu ;S;;;;;;;
TOG2;3;B;LNS;15;10;2;E1;24;31;LN;;CR4;S;;;;;;;;;
TOG2;3;B;LNS;11;10;2;S1;INDETER;31;LN;LN;EROD;S;;;;;;;;;
TOG2;3;B;LNS;18;18;2;S1;26;31;;;EROD;S;;;;;;;;;
TOG2;3;B;LNS;8;8;4;S1;8;31;;;EROD;S;;;;;;;;;
TOG2;3;B;LNS;1;8;4;S1;12;31;LN;LN;MCH;NS;;;;;;;;;
TOG2;3;B;LNS;11;9;2;E1;10;31;LN;LN;PLAIN;LN;COL;;;;;;;;
TOG2;3;B;LNS;11;8;2;S1;16;31;LN;LN;VPR;S;;;;;;;;;
TOG2;4;B;LNS;15;13;1;S9;N/A;32;L;L;CH;S;CR4;S;;;;;;;
TOG2;4;B;NS;21;12;2;Y;N/A;31;0;0;CR4;S;;;;;;;;;
TOG2;4;B;NS;18;10;2;Y;16;31;LN;LN;CR4;S;;;;;;;;;
TOG2;4;B;LNS;13;11;2;XY1;20;31;0;0;CR4;S;;;;;;;;;
TOG2;4;B;LNS;12;10;6;E90;N/A;31;0;0;PLAIN;LNS;;;;;;;;;
TOG2;4;B;LNS;10;9;6;E90;24;31;0;0;PLAIN;LNS;;;;;;;;;
TOG2;4;B;LNS;12;5;3;N11;13;31;0;0;P-R-L;N;CR4;S;;;;;;;
TOG2;4;B;LN;13;11;N/A;N9;9;31;T/O;INT;RSO;LN;;;;;;;;;
TOG2;4;B;LNS;11;11;1;S1;N/A;31;T/O;T/O;RSO;LN;CH;S;;;;;;;
TOG2;4;B;LNS;13;9;1;S1;24;32;L;L;RSO;LN;CH;S;;;;;;;
TOG2;4;B;LNS;12;10;3;S1;28;31;LN;LN;RSO;LN;MCH;NS;;;;;;;
TOG2;4;B;LN;11;10;3;S1;7;31;T/O;T/O;RSO;LN;;;;;;;;;
TOG2;4;B;LNS;10;7;1;S1;7;31;T/O;T/O;RSO;LNS;;;;;;;;;
TOG2;4;B;LN;13;9;1;N8;22;31;T/O;T/O;RSO;LN;;;;;;;;;
TOG2;5;B;LNS;19;12;1;S1;23;31;0;LN;CH;N;CR?;N;CR4;S;;;;;
TOG2;5;B;LNS;13;10;3;S1;21;31;INT;LN+INT;CR4;S;;;;;;;;;
TOG2;5;B;LNS;20;14;N/A;Y;28;31;L;L;CR4;S;;;;;;;;;
TOG2;5;B;LNS;20;11;2;XY4;20;31;0;N;CR4;S;;;;;;;;;
TOG2;5;B;LNS;18;6;1;XY2;24;31;L;L;CR4;S;;;;;;;;;
TOG2;5;B;LN;22;9;2;XY2;N/A;31;L;L;EROD;S;;;;;;;;;
TOG2;5;B;NS;15;9;2;E;8;32;0;T/O;PLAIN;N;VPR;S;;;;;;;
TOG2;5;B;LNS;11;10;6;E90;25;31;0;0;PLAIN;LN;ROUGHENED;S;;;;;;;
TOG2;5;B;LNS;12;12;6;L2 OR F2;8;31;0;0;PLAIN;LNS;;;;;;;;;
TOG2;5;B;LN;11;9;N/A;BT3;5;31;T/O;T/O;RSO;LN;;;;;;;;;
TOG2;5;B;LN;16;13;1;N8;23;31;LN;LN;RSO;LN;;;;;;;;;
TOG2;6;B;LNS;20;9;2;XY4;INDETER;31;LN;LN;CR4;S;;;;;;;;;
TOG2;6;B;LNS;15;10;2;N4;18;31;;;CR4;S;;;;;;;;;
TOG2;6;B;LNS;14;12;4;S13;INDETER;31;;;CR4;S;;;;;;;;;
TOG2;6;B;LNS;9;8;2;S1;10;31;;;EROD;S;;;;;;;;;
TOG2;6;B;LNS;17;15;3;XY1;INDETER;31;;LN;EROD;S;;;;;;;;;
TOG2;6;B;LN;17;15;1;S1;26;31;;;EROD;S;;;;;;;;;
TOG2;6;B;LNS;14;10;1;S1;14;31;LN;LN;MCH;N;CR4;S;;;;;;;
TOG2;6;B;LN;11;6;2;S1;8;31;LN;LN;PLAIN;LN;;;;;;;;;
TOG2;6;B;LNS;19;11;2;N?;INDETER;31;;LN;VPR;S;;;;;;;;;
TOG2;7;B;LNS;14;13;3;S5;22;31;;Lnint;EROD;S;;;;;;;;;
TOG2;8;B;LNS;19;12;2;S1;20;31;LN;LN;CH;N;CR4;S;;;;;;;
TOG2;8;B;LNS;18;10;2;N1;18;31;;LN;CR0;S;;;;;;;;;
TOG2;8;B;LNS;20;9;2;S5;INDETER;31;;;CR2;S;;;;;;;;;
TOG2;8;B;LNS;32;27;3;S1;496;31;;;CR4;NS;;;;;;;;;
TOG2;8;B;LNS;20;11;2;N?;INDETER;31;;;CR4;S;;;;;;;;;
TOG2;8;B;LNS;12;8;4;S1;28;31;;;EROD;S;;;;;;;;;
TOG2;8;B;LNS;13;11;6;L2;42;31;;;EROD;S;;;;;;;;;
TOG2;8;B;LNS;11;8;2;S1;10;31;LN;LN;MCH;N;MCH;S;VPR;S;CRO;S;;;
TOG2;8;B;LNS;15;8;4;S1;INDETER;31;LN;LN;VPR;S;;;;;;;;;
TOG2;8;B;LN;13;13;;B5;8;31;;;;;;;;;;;;;
TOG2;9;B;LNS;14;9;2;S1;20;31;;;CH;N;CR4;NS;;;;;;;
TOG2;9;B;LNS;14;11;2;S1;8;31;LNS;LNS;CH;N;PLAIN;LNS;;;;;;;
TOG2;9;B;LNS;13;10;2;S1;18;31;LN;LN;CH;N;CR4;S;;;;;;;
TOG2;9;B;LNS;17;12;2;S1;INDETER;31;LN;LN;CH;N;CR4;S;;;;;;;
TOG2;9;B;LNS;18;13;2;S1;30;31;LN;LN;CH;N;CR4;S;;;;;;;
TOG2;9;B;LNS;10;6;2;S1;10;31;LN;LN;CH;N;MCH;S;VPR;S;CR4;S;;;
TOG2;9;B;LNS;17;10;2;XY3;22;31;LN;LN;CH;L;CR4;S;;;;;;;
TOG2;9;B;LNS;15;12;3;S15;18;31;;LN;CH;N;EROD;S;;;;;;;
TOG2;9;B;LNS;21;11;2;S1;22;31;;;CH;N;CR4;S;;;;;;;
TOG2;9;B;LNS;16;12;2;S1;INDETER;32;LN;;CH;N;CR4;S;;;;;;;
TOG2;9;B;LNS;14;11;2;S1;20;31;LN;LN;CH;N;CR4;S;;;;;;;
TOG2;9;B;LNS;16;11;2;S1;INDETER;31;Lnint;LNint;CH;N;EROD;S;;;;;;;
TOG2;9;B;LNS;10;9;2;E11;INDETER;31;;LN;CH;N;CR4;S;;;;;;;
TOG2;9;B;LNS;12;9;2;XY1;16;31;LN;LN;CH;N;EROD;S;;;;;;;
TOG2;9;B;LN;15;8;2;S1;INDETER;31;LN;LN;CH;N;;;;;;;;;
TOG2;9;B;LNS;12;8;2;S1;14;31;LN;LN;CH;N;CR4;S;;;;;;;
TOG2;9;B;LNS;16;10;2;N4;18;31;L;L;CR4;NS;;;;;;;;;
TOG2;9;B;LNS;14;9;2;S5;12;31;;;CR4;S;;;;;;;;;
TOG2;9;B;LNS;14;13;1;S1;4;31;;;CR4;S;;;;;;;;;
TOG2;9;B;LNS;19;11;2;XY4;18;31;;;CR4;S;;;;;;;;;
TOG2;9;B;LNS;18;1;2;N5;INDETER;31;LN;LN;CR4;S;;;;;;;;;
TOG2;9;B;LNS;36;24;2;S1;42;31;;;CR4;S;;;;;;;;;
TOG2;9;B;LNS;8;6;3;S1;8;31;;LN;CRO;S;;;;;;;;;
TOG2;9;B;LNS;10;8;1;E11;14;31;;LN;EROD;S;;;;;;;;;
TOG2;9;B;LNS;12;9;4;S1;28;31;;;EROD;S;;;;;;;;;
TOG2;9;B;LNS;15;13;2;S1;INDETER;31;;;EROD;NS;;;;;;;;;
TOG2;9;B;LN;13;9;;N/A;22;31;;;EROD;LN;;;;;;;;;
TOG2;9;B;LNS;16;12;5;L2;40;31;;;EROD;NS;;;;;;;;;
TOG2;9;B;LNS;1;9;4;S1;20;31;;;EROD;S;;;;;;;;;
TOG2;9;B;LNS;15;9;2;XY3;14;31;LN;LN;EROD;S;;;;;;;;;
TOG2;9;B;LN;13;10;2;S1;12;31;LN;LN;PLAIN;LN;;;;;;;;;
TOG2;9;B;LNS;14;9;2;S1;16;31;LN;LN;VPR;S;;;;;;;;;
TOG2;46;E;lnu;21;12;2;XY2;17;32;l;l;plain;n;cr4;u;;;;;;;
TOG2;46;E;lnu;14;13;6;E90;38;32;;;plain;ln;cr4;u;;;;;;;
TOG2;46;E;lnu;21;10;2;XY3;23;31;ln;ln;mch;l;p-r-w;ln;pa4;n;cr4;u;MRK A;;
TOG2;46;E;ln;11;10;3;S1;18;31;ln;ln;rso;ln;vpr;n;;;;;;;
TOG2;46;E;lnu;15;11;5;L3;30;31;;;rough;u;;;;;;;mrk e;;
TOG2;46;E;lnu;19;10;1;XY3;26;31;ln;ln;mch;ln;p-r-w;ln;pa3;n;vpr;u;MRK A;;
TOG2;46;E;lnu;16;10;2;N8;25;31;ln;ln;p-r-w;ln;vpr;u;cr4;u;;;MRK B;;
TOG2;46;E;nu;19;9;2;XY3;;31;n;n;mch;n;p-r-w;n;pa3;n;vpr;u;MRK A;;
TOG2;46;E;lnu;14;12;6;E90;34;31;;;plain;ln;cr4;u;si4;u;;;;;
TOG2;46;E;lnu;14;13;6;E90;35;31;;;plain;ln;cr4;u;;;;;;;
TOG2;46;E;lnu;17;14;3;S1;31;31;;n;ch;n;vpr;u;;;;;MRK C;;
TOG2;46;E;lnu;14;10;2;N8;20;31;ln;ln;p-r-w;ln;ch;n;vpr;u;;;;;
TOG2;46;E;ln;14;13;5;L3;23;31;;;plain;ln;;;;;;;;;
TOG2;46;E;num;18;9;2;XY3;;32;nu;nu;p-r-w;lu;pa3;n;vpr;um;;;mrk a;;
TOG2;46;E;lnu;15;9;2;XY3;25;31;ln;;p-r-w;lnu;pa3;n;vpr;u;;;mrk a;;
TOG2;46;E;b;13;9;;B5;11;31;b;;plain;b;;;;;;;;;
TOG2;46;E;b;16;10;;B5;;32;;;plain;b;;;;;;;;;
TOG2;43;E;lnumb;14;9;5;L3;21;31;l + int;;plain;lnu;vpr;umb;b5;b;;;;;
TOG2;43;E;mb;15;13;;B5;;32;int;;cr4;m;ch;b;b5?;b;;;;;
TOG2;43;E;lnu;11;10;3;S1;20;32;int;int;p-r-g;nu;plain;nu;cr4;nu;;;;;
TOG2;43;E;lnu;12;11;6;E90;26;32;;;plain;l + int;rough;u;;;;;mrk e;;
TOG2;43;E;lnu;12;10;6;E90;27;31;l + int;;plain;l + int;rough;u;;;;;mrk e;;
TOG2;43;E;lnu;12;9;6;E90;23;31;;;plain;l + int;rough;u;;;;;mrk e;;
TOG2;43;E;lnu;13;10;6;E90;;31;;;plain;l + int;rough;u;;;;;mrk e;;
TOG2;43;E;lnu;11;10;4/6;E90;27;31;l + int;l + int;plain;ln;rso;int;rough;u;;;mrk e;;
TOG2;43;E;lnu;13;11;6;E90;29;31;;;plain;ln + int;rough;u;;;;;mrk e;;
TOG2;43;E;lnu;25;10;2;XY2;21;32;l;l;plain;n;cr4;u;;;;;;;
TOG2;43;E;lnu;23;8;2;XY1;21;32;l;l;p-r-w;nu;plain;n;cr4;u;;;;;
TOG2;43;E;lnu;14;8;2;XY1;;32;l;l;p-r-w;nu;plain;n;cr4;u;;;;;
TOG2;43;E;lnum;20;12;1;S1;30;32;;;plain;l;rough;um;;;;;;;
TOG2;43;E;lnum;18;13;2;N8;34;32;l;l;ch;n;vpr;u;cr4;m;;;mrk b;;
TOG2;43;E;ln;11;10;3;N9;;31;ln;ln;ch;ln;p-w-l;ln;rso;ln;;;mrk d;;
TOG2;43;E;b;10;13;;B5;9;32;;;plain;b;;;;;;;;;
TOG2;43;E;b;12;8;;B5;8;32;;;plain;b;;;;;;;;;
TOG2;43;E;lnu;11;10;4/6;L2;26;32;;;plain;l + int;rough;u;;;;;mrk e;;
TOG2;43;E;lnu;10;5;1;S10;9;32;ln;ln;ch;ln;rso;ln;p-r-t;u;cr4;u;mrk f;si1;u
TOG2;43;E;ln;19;18;2;S7;38;32;ln;ln;plain;ln;;;;;;;;;
TOG2;43;E;ln;13;11;;N2;11;32;t/o;t/o;rso;ln;ch;n;;;;;mrk d;;
TOG2;43;E;ln;12;10;4;L3;20;32;ln;ln;rso;ln;ch;l;si4;n;erod;n;;;
TOG2;43;E;lnu;12;10;;S1;;32;ln + int;;p-r-w;lnu;ch;ln;vpr;u;;;;;
TOG2;43;E;lnu;9;8;6;L2;7;32;;;;;;;;;;;;;
TOG2;43;E;b;20;17;;B7;8;32;;b;plain;b;;;;;;;;;
TOG2;43;E;ln;10;8;;;11;32;ln;ln;rso;ln;;;;;;;;;
TOG2;43;E;lnu;14;14;;S1;;32;ln;ln;rough;nu;;;;;;;;;
TOG2;43;E;ln;15;14;2;E11;22;32;ln;ln;ch;ln;;;;;;;;;
TOG2;43;E;lnu;11;9;4/6;E90;26;32;;;plain;ln + int;rough;u;;;;;mrk e;;
TOG2;43;E;ln;12;90;3;;;32;ln;ln;;;;;;;;;;;
TOG2;41;E;b;13;10;;B5;;32;;;cr4;mb;b5?;b;;;;;;;
TOG2;41;E;b;17;9;;B5;;32;;;plain;b;;;;;;;;;
TOG2;41;E;b;11;10;;B5;;32;;;cr4;mb;plain;b;;;;;;;
TOG2;41;E;b;;16;;B7;11;32;;;plain;b;;;;;;;;;
TOG2;41;E;mb;12;11;;B;;32;;;cr4;mb;;;;;;;;;
TOG2;41;E;mb;12;10;;B;;32;;;vpr;mb;;;;;;;;;
TOG2;41;E;mb;19;13;;couscoussiere;;32;;;cr4;mb;;;;;;;;;
TOG2;41;E;cn;16;12;1;E58;11;32;cn;cn;rso;cn;mch;cn;;;;;;;
TOG2;41;E;lnu;16;12;1;N8;34;32;;;plain;lnu;blackened;u;;;;;;;
TOG2;41;E;lnu;17;12;2;N8;30;32;l;;rso;l;ch;n;cr4;u;;;mrk b;;
TOG2;41;E;lnu;15;14;1;N8;;32;l;l;rso;l;plain;u;;;;;;;
TOG2;41;E;lnu;32;29;2;S1;50;32;;;cr4;u;;;;;;;;;
TOG2;41;E;lnu;32;29;2;S1;50;32;;;cr4;u;;;;;;;;;
TOG2;41;E;lnu;12;10;6;E90;24;32;;;plain;l + int;rough;u;;;;;mrk e;;
TOG2;41;E;lnu;12;9;6;E90;28;32;;;plain;l + int;rough;u;;;;;mrk e;;
TOG2;41;E;lnu;11;11;6;E90;16;32;;;plain;l + int;rough;u;;;;;mrk e;;
TOG2;41;E;lnum;11;10;6;E90;;32;;;plain;l + int;rough;u;vpr;m;;;mrk e?;;
TOG2;41;E;lnu;10;10;4/6;S1;21;32;;;plain;l + int;ch;u;cr2?;u;;;;;
TOG2;41;E;lnum;15;14;3;N7;16;32;n;;p-r-w;ln;plain;um;cr4 (geometric?);um;;;;;
TOG2;41;E;lnu;14;12;3;S1;;32;n;;rso;l;p-b-l;u;cr4;u;;;;;
TOG2;41;E;lcn;14;12;1;N13;9;32;t/o;t/o;rso;lcn;;;;;;;;;
TOG2;41;E;ln;22;16;2;XY3;;32;ln;ln;ch;l;rso;ln;p-r;u;;;mrk a;;
TOG2;41;E;lnu;24;13;2;XY3;;32;ln;ln;ch;l;rso;ln;p-r-l;u;cr4;u;mrk a;;
TOG2;41;E;ln;13;;2;;;32;ln;ln;rso ;ln;;;;;;;;;
TOG2;41;E;lnu;20;10;2;XY2;14;32;;;cr4;u;;;;;;;PS-VI;;
TOG2;41;E;lnu;21;10;2;XY1;19;32;l;l;p-r-w;nu;cr4;u;;;;;PS-VI;;
TOG2;41;E;lnu;21;13;;XY;;32;l;l;p-r-l;n;cr4;u;;;;;PS-VI;;
TOG2;41;E;nu;23;9;;XY;;32;n;n;cr4;u;;;;;;;;;
TOG2;41;E;lnu;19;6;2;XY3;21;32;;;cr4;u;;;;;;;PS-VI;;
TOG2;41;E;lnu;;8;2;XY;;32;l;l;p-r;n;cr4;u;;;;;PS-VI;;
TOG2;41;E;lnu;23;19;2;XY2;;32;ln;ln;rso;ln;p-r-l;u;;;;;mrk a;;
TOG2;41;E;lnu;;11;1;XY;;32;ln;ln;rso;ln;cr4;u;;;;;PS-VI;;
TOG2;41;E;nu;21;11;;XY;;32;n;n;rso;n;p-r-l;u;cr4;u;;;;;
TOG2;41;E;lnu;14;10;;S1;;32;ln;ln;rso;ln;ch;ln;p-b;u;;;;;
TOG2;41;E;ln;12;;2;;;32;ln;ln;rso;ln;ch;ln;;;;;;;
TOG2;41;E;ln;15;12;6;L3;;32;;;plain;ln;;;;;;;;;
TOG2;41;E;ln;11;8;4;S1;25;32;t/o;t/o;rso;ln + int;ch;l int;ch;l;;;;;
TOG2;41;E;lnu;12;10;;S1;;32;ln;ln + int;ch;ln;cr;u;;;;;;;
TOG2;39;E;lnu;13;10;3;S1;14;32;lnu;lnu;mch;ln;ch;n;;;;;;;
TOG2;39;E;lnu;14;12;3;S9;;32;l;;p-r;ln;ch;n;cr4;nu;;;;;
TOG2;39;E;lnu;15;13;3;N8;26;32;ln;ln;vpr;u;;;;;;;mrk b;;
TOG2;47;E;b;15;15;;B;9;32;b;b;rso;b;;;;;;;;;
TOG2;47;E;ln;11;9;6;E90;;32;;;plain;ln;;;;;;;mrk e?;;
TOG2;47;E;ln;8;7;2;S1;6;32;ln;ln;rso;ln;;;;;;;;;
TOG2;47;E;ln;8;7;2;S1;6;32;ln;ln;rso;ln;;;;;;;;;
TOG2;47;E;lnu;17;16;2;N8;;32;ln;ln;ch;n;vpr;u;;;;;mrk b;;
TOG2;47;E;ln;12;18;5;S1;;32;int;int;rso;int;;;;;;;;;
TOG2;47;E;ln;26;13;2;XY3;;32;ln;ln;p-r;n;;;;;;;mrk a?;;
TOG2;40;E;b;12;13;;B5;7;32;;;;;;;;;;;;;
TOG2;40;E;lnu;12;10;6;E90;30;32;l;l;plain;int;rough;u;;;;;mrk e;;
TOG2;29;E;lnu;15;13;3;S1;34;32;l + int;l + int;p-b-w;nu;cr4;u;;;;;PS-VIII?;;
TOG2;29;E;lnu;14;11;2;S1;18;32;ln;ln;p-r-l;n;cr4;nu;;;;;;;
TOG2;29;E;lnu;19;10;2;XY2;13;32;ln;ln;p-r-l;n;cr4;nu;;;;;PS-VI;;
TOG2;29;E;lnu;15;14;1;S1;4;32;;;rough;nu;;;;;;;;;
TOG2;29;E;lnu;14;16;4;S1;28;32;l + int;l + int;plain;nu;cr4 (geometric);nu;;;;;;;
TOG2;29;E;lnu;17;15;2;S1;;32;ln + int;;cr;u;;;;;;;;;
TOG2;30;E;b;;10;;B5;7;32;;;;;;;;;;;;;
TOG2;30;E;b;;7;;B10;9;32;;;;;;;;;;;;;
TOG2;30;E;lnu;18;8;2;XY2;15;32;l;l;cr4;nu;;;;;;;PS-VI;;
TOG2;30;E;lnu;16;12;2;XY1;;32;l;l;p-r-l;n;cr4;u;;;;;PS-VI;;
TOG2;30;E;lnu;20;11;2;XY4;20;32;;l + int;p-r-l;n;vpr;u;;;;;PS-VI;;
TOG2;30;E;lnum;19;9;2;XY1;19;32;;;p-r-l;n;cr4;um;;;;;PS-VI;;
TOG2;30;E;lnum;13;10;2;S1;7;32;lnu;lnu;rso;lnu;cr2;m;si4;m;p-b-t;m;;;
TOG2;30;E;lnu;14;16;4/6;L3;34;32;int;;plain;ln + int;;;;;;;;;
TOG2;30;E;ln;11;10;1;S1;19;32;ln;ln;rso;ln;;;;;;;;;
TOG2;50;E;lnum;25;8;2;XY1;;32;l;l;p-r-l;n;cr4;um;;;;;PS-VI;;
TOG2;50;E;lnu;19;8;1;XY2;;32;ln;ln;rso;ln;ch;l;cr4;u;blackened;u;mrk a;;
TOG2;50;E;lnu;22;9;2;XY2;20;32;l;l;p-r-l;n;cr4;u;blackened;u;;;PS-VI;;
TOG2;50;E;lnu;29;10;2;XY2;30;32;l;l;rso;l;cr4;u;;;;;mrk a;;
TOG2;50;E;lnu;22;8;1;XY4;26;32;l;l;p-r-l;n;cr4;u;;;;;PS-VI;;
TOG2;50;E;lnu;22;12;1;XY1;;32;l;l;p-r-l;n;cr4;u;;;;;ps-vi;;
TOG2;50;E;lnu;17;10;2;XY1;20;32;l;l;p-r-l;n;cr4;u;;;;;ps-vi;;
TOG2;50;E;lnu;16;9;2;XY3;11;32;l;;black burn;l;p-r-l;n;cr4;u;;;;;
TOG2;50;E;lnu;24;14;2;XY2;;32;ln;ln;cr4;u;;;;;;;;;
TOG2;50;E;nu;24;12;;XY;;32;l;;black burn;l;cr4;u;;;;;;;
TOG2;50;E;nu;19;11;1;XY;;32;l;l;cr4;u;;;;;;;ps-vi;;
TOG2;50;E;b;;14;;B5;12;32;;b;;;;;;;;;;;
TOG2;50;E;b;;12;;B5;9;32;;;finger dimples;b;;;;;;;;;
TOG2;50;E;b;;11;;B4;;32;;;cr4;b;;;;;;;;;
TOG2;50;E;b;;11;;B;;32;;;si4;b;;;;;;;;;
TOG2;50;E;nu;13;8;2;XY3;;32;ln;ln;rso;ln;vpr;u;blackened;u;;;mrk a;;
TOG2;50;E;lcn;14;9;1;N13;7;32;lcn;lcn;rso;lcn;ch;c;;;;;;;
TOG2;50;E;cnu;15;8;1;N13;7;32;cnu;cnu;rso;cnu;ch;c;;;;;;;
TOG2;50;E;lcnu;13;10;1;N13;7;32;lcnu;lcnu;rso;lcnu;ch;c;;;;;;;
TOG2;50;E;lnu;11;10;4;S1;22;32;lnu;lnu;rso;lnu + int;ch;ln + int;plain;u;;;;;
TOG2;50;E;lnu;18;14;2;N8;28;32;;;ch;n;vpr;u;;;;;;;
TOG2;50;E;lnu;18;16;2;;;32;;;ch;n;cr4;u;;;;;;;
TOG2;50;E;lnu;10;6;1;S1;20;32;l;l;ch;n;si-t;n;p-w-l;n;cr6;u;;;
TOG2;50;E;lnumb;12;7;3;S1;27;32;l;;cr4;umb;;;;;;;;;
TOG2;50;E;lnum;13;9;3;S1;27;32;l;;rough;u;cr4;um;;;;;;;
TOG2;50;E;lnu;12;10;2;S1;28;32;l;l;rough;u;;;;;;;;;
TOG2;50;E;lnu;17;12;3;S9NEW;36;32;l;ln;ch;n;roulette inconnu;u;;;;;;;
TOG2;50;E;lnu;14;11;6;E90;34;32;int;;ch;int;plain;n;vpr;u;;;;;
TOG2;50;E;lnu;15;13;6;E90;32;32;;;plain;ln + int;rough;u;;;;;mrk e;;
TOG2;50;E;lnu;15;14;6;L3;36;32;;;plain;ln + int;rough;u;;;;;mrk e;;
TOG2;50;E;lnu;13;13;6;E90;40;32;l + int;l + int;plain;u;;;;;;;;;
TOG2;50;E;lnu;10;9;6;E90;36;32;;;plain;lnu;;;;;;;;;
TOG2;50;E;lnum;9;7;3;N14;10;32;;;;;;;;;;;;;
TOG2;32;E;b;;17;;B5;9;32;;;;;;;;;;;;;
TOG2;32;E;lnu;11;10;6;E90;18;32;;;rough;u;;;;;;;;;
TOG2;32;E;lc;13;11;;N13;10;32;lc + int;lc + int;ch;l;;;;;;;;;
TOG2;32;E;l;11;;;N13;8;32;l;l;;;;;;;;;;;
TOG2;28;E;lnu;16;14;1;S1;18;32;ln;ln;ch;l;cr4;u;p-r;u;;;;;
TOG2;28;E;lnu;14;9;2;S1;26;32;ln;ln;ch;l;cr4;u;p-r;u;;;;;
TOG2;28;E;lnu;12;8;3;S1;22;32;l + int;l + int;ch;lint;ch;l;p-r-l;n;cr4;nu;;;
TOG2;28;E;lnu;;20;5/6;S1;31;32;int;int;cr4;u;;;;;;;;;
TOG2;28;E;lnu;12;13;6;L3;28;32;;;;;;;;;;;;;
TOG2;28;E;lnu;12;10;3;N7;26;32;l + int;l + int;p-r-l;n;cr4;u;p-r-l;u;p-w;u;;;
TOG2;28;E;lc;16;;;N13;9;32;lc;lc;ch;lc;;;;;;;;;
TOG2;28;E;lnu;16;8;2;XY3;;32;l;ln;cr4;u;;;;;;;mrk a;;
TOG2;37;E;b;;18;;B;;32;;;cr4;b;;;;;;;;;
TOG2;37;E;lnu;10;8;2;S1;17;32;int;int;p-r-l;n;;;;;;;;;
TOG2;37;E;lnu;11;8;2;S1;17;32;int;int;p-r-l;n;p-r-l;u;;;;;;;
TOG2;37;E;lnu;21;13;2;XY;;32;l;l;p-r-l;n;cr4;u;;;;;mrk a;;
TOG2;37;E;lnu;25;10;1;XY2;24;32;l;l;cr;u;;;;;;;mrk a;;
TOG2;37;E;lnu;;12;5;F2;9;32;;;;;;;;;;;;;
TOG2;50;E;b;;10;;B5;7;32;;;;;;;;;;;;;
TOG2;50;E;b;;8;;B7;10;32;b;b;rso;b;;;;;;;;;
TOG2;50;E;nu;;9;1;collared;9;32;nu;nu;rso;nu;;;;;;;;;
TOG2;50;E;lnu;18;16;2;S1;31;32;;l;ch;n;vpr;u;;;;;;;
TOG2;50;E;lnu;16;13;3;S1;37;32;;l;ch;n;cr4;u;;;;;;;
TOG2;50;E;ln;20;12;1;XY3;32;32;ln;ln;ch;l;p-r-l;n;;;;;mrk a;;
TOG2;50;E;lnu;18;15;3;S1;30;32;;;ch;n;vpr;u;;;;;ps-iii;;
TOG2;50;E;lnu;14;10;1;S1;23;32;lnu;lnu;rso;lnu;pa4;u;mch;u;;;;;
TOG2;50;E;lc;13;;;N13;10;32;lc + int;lc + int;rso;lc + int;ch;l;;;;;;;
TOG2;50;E;nu;15;9;;XY3;;32;n;n;rso;n;vpr;u;;;;;mrk a;;
TOG2;50;E;nu;15;9;2;XY3;;32;;n;cr4;u;;;;;;;mrk a;;
TOG2;50;E;nu;25;10;1;XY3;;32;n;n;cr4;u;blackened;u;;;;;mrk a;;
TOG2;50;E;lnu;12;10;6;E90;24;32;n;ln;ch;u;vpr;u;;;;;;;
TOG2;50;E;lnu;9;9;6;E90;;32;;;cr4;u;;;;;;;;;
TOG2;50;E;lnu;13;11;6;E90;28;32;;;rough;u;;;;;;;mrk e;;
TOG2;50;E;lnu;8;14;6;E90;22;32;;ln + int;cr4;u;;;;;;;;;
TOG2;50;E;lnu;8;13;6;E90;32;32;;;rough;u;;;;;;;mrk e;;
TOG2;43;E;lnum;28;10;2;XY2;21;32;l;l;cr4;um;;;;;;;ps-vi;;
TOG2;43;E;lnum;8;4;1;S1;7;32;lnu;lnu;ch;lnu;p-r-waves;u;si1;u;p-r-l;m;;cr4;um
TOG2;43;E;lnu;11;8;6;E90;19;32;;;rough;nu;cr4;u;;;;;;;
TOG2;43;E;lnu;21;10;2;XY3;20;32;l;l;p-r-l;n;ch;l;cr4;u;;;mrk a;;
TOG2;43;E;lnum;11;7;4;S1;20;32;l + int;l + int;rso;l + int;rough;u;cr4;m;;;;;
TOG2;43;E;lnu;25;12;2;XY2;20;32;l;;cr4;u;;;;;;;ps-vi;;
TOG2;34;E;lnu;25;11;2;XY2;28;32;l;l;ch;l;p-r-l;n;cr4;u;;;ps-vi;;
TOG2;34;E;nu;17;6;2;XY;;32;l;l;cr4;u;;;;;;;;;
TOG2;34;E;lnu;23;14;;XY3;28;32;l;l;ch;l;pp-r-l;n;cr4;u;;;mrk a;;
TOG2;34;E;lnu;14;12;3;S1;;32;ln;ln;ch;n;erod;u;;;;;;;
TOG2;34;E;lnu;15;11;2;S1;;32;ln;ln;ch;l;ch;u;cr4;u;;;;;
TOG2;34;E;lnu;15;11;3;S1;30;32;ln;ln;cr4;u;;;;;;;;;
TOG2;34;E;ln;10;7;1;S1;7;32;ln;ln;ch;l;;;;;;;;;
TOG2;34;E;lnu;14;10;2;S1;29;32;lnu;lnu;ch;l;;;;;;;;;
TOG2;34;E;lnu;10;12;4;S1;23;32;int;l + int;;;;;;;;;;;
TOG2;34;E;lc;11;;;N13;;32;lc;lc;ch;l;;;;;;;;;
TOG2;34;E;lcn;11;;;N13;9;32;lcn;lcn;ch;l;ch;n;;;;;;;
TOG2;34;E;lc;15;;;N13;9;32;lc;lc;ch;l;;;;;;;;;
TOG2;34;E;lnu;10;12;4;S1;38;32;l + int;l + int;rso;l + int;;;;;;;;;
TOG2;34;E;lnum;11;7;4;S1;;32;l + int;l + int;p-r-l;u;cr4;m;;;;;;;
TOG2;34;E;lnu;16;15;;S9;;32;l;l;cr4;;;;;;;;;;
TOG2;34;E;lnum;12;12;2;S1;15;32;;int;plain;ln;rough;um;;;;;;;
TOG2;34;E;lnu;11;10;4/6;E90;23;32;;;plain;lc + int;rough;u;;;;;;;
TOG2;34;E;lnu;12;10;6;L2;;32;;;plain;lnu + int;rough;u;;;;;;;
TOG2;34;E;lnu;11;12;6;L3;28;32;;;plain;ln + int;rough;u;;;;;;;
TOG2;34;E;lnu;11;11;4;N7;30;32;;;plain;int;rough;nu;;;;;;;
TOG2;34;E;lnu;23;20;1;S1;;32;;;cr4;u;;;;;;;;;
TOG2;34;E;lnu;11;12;6;E90;30;32;;;plain;ln + int;;;;;;;;;
TOG2;34;E;lnu;10;8;4/6;E90;24;32;int;int;p-r;ln;rough;u;;;;;;;
TOG2;34;E;lnu;13;12;3;S1;22;32;lnu;lnu;rso;lnu;;;;;;;;;
TOG2;34;E;b;;9;;B;;32;int;int;rso;int;vpr;si4;;;;;;;
TOG2;34;E;lnu;17;16;2;N8;;32;l;l;rso;l;erod;n;;;;;;;
TOG2;34;E;nu;10;8;;;;32;n;n;cr4;u;;;;;;;;;
TOG2;31;E;lnu;19;11;2;XY3;;32;l;l;p-r-l;n;cr4;u;;;;;mrk a;;
TOG2;31;E;lnu;26;10;1;XY2;21;32;l;l;cr4;u;;;;;;;;;
TOG2;31;E;lnu;25;12;2;XY1;;32;l;ln;cr4;u;;;;;;;ps-vi;;
TOG2;31;E;lnum;13;10;3;N15;20;32;l + int;ln + int;ch;n int;p-r-geo;um;;;;;;;
TOG2;31;E;nu;22;9;;XY;;32;l;l;cr4;u;;;;;;;;;
TOG2;31;E;nu;20;8;;XY;;32;;;p-r-l;n;cr4;u;;;;;;;
TOG2;31;E;lnu;17;11;1;XY1;25;32;erod;ln;p-r;u;cr4;u;;;;;ps-vi;;
TOG2;31;E;lnu;17;9;2;XY3;;32;l;l;vpr;u;;;;;;;;;
TOG2;31;E;b;;11;;B5;11;32;;;;;;;;;;;;;
TOG2;31;E;b;;7;;B5;13;32;;;;;;;;;;;;;
TOG2;31;E;b;;;;B7;16;32;b;b;;;;;;;;;;;
TOG2;31;E;lnum;13;12;4;S1;18;32;l + int;l + int;cr4;um;si4;um;p-rw-geo;um;;;;;
TOG2;31;E;lnu;25;25;1;S1;;32;;;cr4;u;;;;;;;;;
TOG2;31;E;lnu;12;11;3;S1;;32;ln;ln;ch;u;cr4;u;;;;;;;
TOG2;31;E;l;9;9;1;S1;26;32;l;l;;;;;;;;;;;
TOG2;31;E;lu;19;9;;XY;;32;l;l;cr4;u;;;;;;;;;
TOG2;31;E;lnu;9;10;4;S1;18;32;ln + int;ln + int;ch;n;p-w-geo;nu;cr;u;si4;u;;;
TOG2;31;E;ln;17;;3;S1;20;32;ln;ln;ch;l;;;;;;;;;
TOG2;31;E;lnum;11;9;4;E10;28;32;ln + int;ln + int;p-r-geo;nu;rough;u;cr4;m;;;;;
TOG2;49;E;lnu;16;8;2;C1;;32;;l;ch;l;notches;n;blackened;u;;;;;
TOG2;49;E;lnu;18;7;2;C1;;32;;;ch;l;vpr;u;;;;;;;
TOG2;49;E;lnu;18;16;3;S9;40;32;l;l;ch;n;cr4;u;;;;;;;
TOG2;49;E;lnu;14;10;6;E90;30;32;;;cr4;u;;;;;;;;;
TOG2;49;E;lnu;16;13;6;E90;28;32;;;vpr;u;;;;;;;;;
TOG2;49;E;lnu;10;11;6;E90;;;;;plain;ln + int;rough;u;;;;;mrk e;;
TOG2;49;E;b;;10;;B5;;32;;;cr;m;;;;;;;;;
TOG2;49;E;lnu;13;12;3;S1;34;32;ln;ln;cr;u;;;;;;;;;
TOG2;37;E;lnu;15;14;1;N8;34;32;;;ch;n;cr4;u;;;;;;;
TOG2;37;E;lnu;29;22;2;;;32;l;l;ch;n;cr4;u;;;;;;;
TOG2;37;E;lu;28;;1;S1;;32;;u;cr4;u;;;;;;;;;
TOG2;37;E;lnum;9;9;6;E90;24;32;;;plain;ln + int;rough;u;cr;m;;;mrk e;;
TOG2;37;E;lnu;15;12;2;S9;23;32;ln;lnu;ch;l;ch;n;cr4;u;;;;;
TOG2;37;E;lnu;16;13;6;L2;30;32;;ln + int;rough;u;;;;;;;;;
TOG2;37;E;lnu;17;7;2;XY2;13;32;;;erod;l;cr4;u;;;;;;;
TOG2;37;E;lnu;16;9;2;N8;;32;ln;ln;ch;l;ch;n;cr4;u;;;mrk b;;
TOG2;37;E;lnu;16;10;1;S1;22;32;l;l;cr4;nu;;;;;;;;;
TOG2;37;E;lc;11;;;BT4;3;32;lc;lc;rso;lc;ch;l;;;;;;;
TOG2;37;E;ln;15;11;1;S1;18;32;ln;ln;rso;ln;ch;l;;;;;;;
TOG2;37;E;lnu;13;10;4;E10;23;32;l + int;l + int;p-r-l;n;cr4;nu;;;;;;;
TOG2;37;E;cnu;13;9;3;;20;32;;;plain;cnu;;;;;;;;;
TOG2;37;E;lnu;11;11;6;E90;28;32;;;plain;l + int;rough;u;;;;;mrk e;;
TOG2;37;E;lnu;10;6;6;E90;23;32;;;plain;l + int;rough;u;;;;;mrk e;;
TOG2;37;E;lnu;13;11;4;S1;34;32;ln + int;ln + int;vpr;u;si4;u;;;;;;;
TOG2;37;E;ln;26;11;1;XY2;20;32;l;l;;;;;;;;;;;
TOG2;37;E;cn;16;15;1;BT;7;32;c;c;rso;c;;;;;;;;;
TOG2;37;E;lnu;12;11;3;S1;14;32;l;ln;cr;u;;;;;;;;;
TOG2;37;E;lnu;24;13;2;XY1;24;32;l;l;p-r-l;n;cr4;u;;;;;ps-vi;;
TOG2;37;E;lnu;12;11;5/6;S1;30;32;lnu + int;lnu + int;rso;lnu + int;mch u;;;;;;;;
TOG2;37;E;lnu;20;11;2;XY3;;32;l;ln;rso;l;vpr;u;;;;;mrk a;;
TOG2;37;E;lc;12;10;;E57;;32;lc;lc;rso;lc;;;;;;;;;
TOG2;37;E;ln;15;13;2;N8;;32;ln;ln;ch;l;ch;n;p-w-l;n;;;mrk b;;
TOG2;37;E;lnu;8;11;4;E9;24;32;;;plain;ln + int;rough;u;;;;;mrk e;;
TOG2;37;E;lnu;13;12;5;S1;45;32;int;int;plain;ln;rough;u;ch;ln int;;;;;
TOG2;44;E;lnu;10;8;6;E90;;32;;;plain;ln;rough;u;;;;;mrk e;;
TOG2;44;E;lnu;14;13;6;L3;22;32;;;plain;ln;rough;u;;;;;mrk e;;
TOG2;44;E;lnu;14;11;6;L2;24;32;;;plain;ln;rough;u;;;;;mrk e;;
TOG2;44;E;lnu;13;12;4;S1;34;32;int;int;rso;int;ch;l;;;;;;;
TOG2;44;E;lnu;11;10;4/6;S1;30;32;l + int;l + int;ch;int;P-w-l;n;P-w-c;u;;;;;
TOG2;44;E;b;15;13;;B5;11;32;;;;;;;;;;;;;
TOG2;44;E;b;15;11;;B5;6;32;;;;;;;;;;;;;
TOG2;44;E;b;13;12;;B5;6;32;b int;b int;rso;b int;;;;;;;;;
TOG2;44;E;lnu;15;10;1;N8;34;32;ln;ln;ch;u;cr4;u;;;;;mrk b;;
TOG2;44;E;lnu;13;10;3;N8;;32 + laterite;ln;ln;ch;u;vpr;u;;;;;mrk b;;
TOG2;44;E;lnu;20;19;2;N8;45;31;ln;ln;ch;u;cr6;u;;;;;mrk b;;
TOG2;44;E;lnu;23;20;3;N8;32;32;ln;ln;ch;n;vpr;u;;;;;mrk b;;
TOG2;44;E;lnu;21;18;2;N8;40;31;erod;erod;ch;u;vpr;u;;;;;mrk b;;
TOG2;44;E;lnu;16;12;1;S1;21;32;ln;ln;ch;u;cr4;u;;;;;mrk h;;
TOG2;44;E;lc;10;9;;E57;12;32;to;to;rso;lc;ch;l;;;;;;;
TOG2;44;E;lc;11;8;;E57;7;32;t/o;t/o;rso;lc;;;;;;;;;
TOG2;44;E;lnum;25;10;2;XY2;24;32 + laterite;ln;ln;rso;ln;plain;n;cr2;um;;;mrk g;;
TOG2;44;E;nu;12;9;2;XY;;32;n;n;rso;n;vpr;u;;;;;;;
TOG2;44;E;lnu;15;7;1;XY3;31;32;ln;ln;rso;ln;vpr;u;;;;;Ps-vii;;
TOG2;44;E;lnu;19;9;2;XY3;32;32;ln;lnu;rso;ln;ch;l;P-w-l;l;vpr;u;Ps-vii;;
TOG2;44;E;lnu;17;11;1;XY3;24;32;ln;ln;rso;ln;vpr;u;;;;;Ps-vii;;
TOG2;44;E;lnum;11;7;3;S1;20;32;ln;ln;mch;n;vpr;um;;;;;;;
TOG2;44;E;lnu;19;10;3;S1;21;32;ln;ln;rso;ln;vpr;um;;;;;;;
TOG2;44;E;lnu;10;8;3;N7;16;31;ln;;black burn;ln;ch;u;cr4;u;;;;;
TOG2;44;E;ln;11;8;4;S1;;32;ln;ln;rso;ln;ch;l;P-w-l;l;;;;;
TOG2;38;E;b;13;10;;B5;8;32;;;cr4;b;;;;;;;;;
TOG2;38;E;nu;21;12;;XY;;32;n;n;si4;u;cr;u;;;;;;;
TOG2;38;E;lnu;12;9;6;E90;;32;;;plain;ln;;;;;;;mrk e;;
TOG2;38;E;lnu;11;9;6;E90;26;32;;;plain;ln;rough;u;;;;;mrk e;;
TOG2;38;E;ln;19;13;1;N8;42;31;ln;ln;rso;ln;;;;;;;;;
TOG2;38;E;lnu;12;10;4;S1;18;31;int;l + int;rso;int;cr4;u;;;;;;;
TOG2;50 concentration;E;lnu;11;9;6;E90;28;31;;;plain;ln;rough;u;;;;;mrk e;;
TOG2;50 concentration;E;lnu;23;9;1;XY4;30;32;l;l;P-r-l;n;cr4;u;;;;;Ps-vi;;
TOG2;50 concentration;E;lnu;23;9;1;XY1;;32;l;l;P-r-figure?;nu;cr4;u;;;;;;;
TOG2;50 concentration;E;lnu;13;10;2;N8;21;32 + laterite;ln;lnu;ch;n;cr4;u;;;;;mrk b;;
TOG2;50 concentration;E;ln;11;8;1;S1;9;31;ln;ln;rso;ln;ch;l;ch;n;P-w-l;n;Ps-vi;;
TOG2;41;E;lnu;13;6;1;XY4;20;31;l;l;P-r-l;n;cr4;u;;;;;;;
TOG2;42;E;lnu;15;12;2;N8;31;32;ln;ln;ch;n;vpr;u;;;;;mrk b;;
TOG2;42;E;lnu;21;15;3;N8;30;32 + laterite;;;plain;ln;rough;u;;;;;;;
TOG2;42;E;lc;14;10;3;BT;12;32;t/o;t/o;rso;lc;mch;c;;;;;;;
TOG2;42;E;lc;14;12;3;BT;11;31;t/o;t/o;rso;lc;mch;c;;;;;;;
TOG2;42;E;b;16;12;;B5;7;32 + laterite;;;cr;b;;;;;;;;;
TOG2;42;E;b;14;11;;B5;7;31;;;;;;;;;;;;;
TOG2;42;E;lnu;10;9;6;E90;26;31;;;plain;ln;rough;u;;;;;mrk e;;
TOG2;42;E;lnum;10;6;6;E90;26;31;;;plain;ln;rough;u;cr4;m;;;mrk e;;
TOG2;42;E;lnu;14;12;6;E90;24;32 + laterite;;;plain;ln;rough;u;;;;;mrk e;;
TOG2;42;E;lnu;22;9;2;XY;;32;l;l;P-r-l;n;cr4;u;;;;;;;
TOG2;42;E;lnum;12;10;2;XY3;17;32 + laterite;l;l;cr6;um;;;;;;;;;
TOG2;42;E;lnu;25;9;1;XY3;;32 + laterite;ln;ln;mch;l;cr6;u;si4;u;;;;;
TOG2;42;E;lnu;22;20;2;;;32;;ln;cr4;u;;;;;;;;;
TOG2;42;E;lnu;24;11;2;XY2;;32;ln;ln;cr2;u;;;;;;;;;
TOG2;34;E;nu;15;10;2;N8;;32;n;n;rough;u;;;;;;;;;
TOG2;34;E;lnu;18;15;2;N8;;32;;;ch;n;rough;u;;;;;;;
TOG2;34;E;lnu;22;18;2;N8;;32 + laterite;;;ch;n;vpr;u;;;;;;;
TOG2;34;E;nu;20;16;2;N8;;31;n;n;ch;n;vpr;u;;;;;;;
TOG2;34;E;lnu;15;12;2;S7;38;32;ln;ln;cr4;u;;;;;;;;;
TOG2;34;E;lnu;14;8;1;N8;;32;ln;ln;cr4;u;;;;;;;;;
TOG2;34;E;lnu;14;8;4;N14;26;32;ln + int;ln + int;ch;n int;;;;;;;;;
TOG2;34;E;lnu;12;9;4;N14;22;31;ln + int;ln + int;rso;ln + int;;;;;;;;;
TOG2;34;E;cn;14;11;1;E57;7;32;Cn + int;Cn + int;rso;cn;ch;n;;;;;;;
TOG2;34;E;lc;13;;;N3;6;32;lc + int;lc + int;rso;lc + int;;;;;;;;;
TOG2;34;E;lnu;30;15;2;S9;40;32 + laterite;;;ch;n;cr4;u;;;;;;;
TOG2;34;E;lnu;13;12;6;E90;30;31;;;plain;ln;;;;;;;;;
TOG2;34;E;lnu;11;12;6;E90;16;31;l + int;l + int;plain;lnu;;;;;;;;;
TOG2;34;E;lnu;13;11;6;E90;42;31;;;plain;ln;rough;u;;;;;mrk e;;
TOG2;34;E;lnu;15;13;2;S1;40;32;ln;ln;cr;u;;;;;;;;;
TOG2;34;E;lnu;11;13;6;L3;36;31;l + int;l + int;rough;u;;;;;;;;;
TOG2;34;E;lnu;12;10;6;E90;26;31;;;plain;ln;rough;u;;;;;mrk e;;
TOG2;34;E;lnum;14;11;6;L3;20;32;int;;plain;ln;rough;u;vpr;m;;;;;
TOG2;34;E;b;;;;B5;5;31;;;;;;;;;;;;;
TOG2;34;E;lu;13;9;2;S1;;32;l;l;erod;n;P-r-l;n;cr4;u;;;poss broken y-rim;;
TOG2;34;E;lnu;22;6;1;XY4;19;31;ln;ln;cr4;u;P-r-l;u;;;;;;;
TOG2;34;E;lnu;15;8;1;XY3;20;32;ln;ln;P-r-l;n;cr4;u;P-r-geo;u;;;;;
TOG2;34;E;lnu;18;12;1;XY3;23;31;ln;ln;vpr;u;;;;;;;;;
TOG2;34;E;nu;21;8;2;XY3;;32;n;n;P-r-l;n;cr?;u;;;;;;;
TOG2;45;E;lnu;29;24;1;S1;28;32 + laterite;l;l;ch;n;cr4;u;;;;;;;
TOG2;45;E;lnu;16;11;2;S9;36;31;ln;ln;ch;n;vpr;u;;;;;;;
TOG2;45;E;lc;11;;;E57;13;32;lc;lc + int;rso;lc;;;;;;;;;
TOG2;45;E;lc;12;;;E57;11;32;lc;lc + int;rso;lc;mch;l;ch;c;;;;;
TOG2;45;E;lnu;14;12;6;E90;27;31;l + int;l + int;plain;ln;rough;u;;;;;;;
TOG2;45;E;lnu;14;13;6;E90;35;32;;;plain;ln;rough;u;;;;;mrk e;;
TOG2;45;E;lnu;8;8;6;E90;20;32;;;plain;ln;rough;u;;;;;;;
TOG2;45;E;lnu;10;9;4;N7;;31;l + int;l + int;ch;l int;P-w-l;l int;;;;;;;
TOG2;45;E;l;14;;1;XY;20;31;l;l;ch;l;;;;;;;;;
TOG2;45;E;lc;11;;;E57;;32;lc + int;lc + int;rso;lc + int;;;;;;;;;
TOG2;45;E;b;;;;B5;9;32;;;;;;;;;;;;;
TOG2;45;E;l;11;;1;S1;18;32;l;l;rso;l;ch;l;;;;;;;
TOG2;45;E;ln;11;10;3;N12;20;31;l + int;l + int;ch;n;;;;;;;;;
TOG2;45;E;lnu;21;13;2;XY3;;32;l;;vpr;u;;;;;;;;;
TOG2;45;E;lnu;21;9;2;XY3;;32;l;l;vpr;u;;;;;;;;;
TOG2;45;E;lnum;9;8;2;E8;15;32 + laterite;lnu;lnu;pa3;u;vpr;m;ch;l;;;;;
TOG2;45;E;lnu;22;10;2;XY3;;32;ln;lnu;vpr;u;;;;;;;;;
TOG2;45;E;nu;21;7;2;XY;;32;;n;cr4;u;;;;;;;;;
TOG2;45;E;lnu;22;11;1;XY1;24;32;l;l;P-r;nu;cr4;u;;;;;;;
TOG2;42 concentration;E;lnum;11;13;6;E90;34;31;;;plain;ln;rough;um;;;;;;;
TOG2;42 concentration;E;lnu;11;9;6;E90;22;32 + laterite;;;plain;ln;cr4;u;;;;;;;
TOG2;42 concentration;E;lnum;11;11;4;S1;19;32;;ln + int;rough;um;;;;;;;;;
TOG2;42 concentration;E;lnu;12;11;6;E90;24;32 + laterite;;;plain;ln;rough;u;;;;;mrk e;;
TOG2;42 concentration;E;lc;15;;;E57;13;31;lc + int;lc + int;rso;lc + int;ch ;lc;;;;;;;
TOG2;42 concentration;E;lc;12;;;E57;9;32 + laterite;lc + int;lc + int;rso;lc + int;ch;lc;;;;;;;
TOG2;42 concentration;E;lnu;25;16;2;S14;32;32;;l;ch;n;cr4;u;;;;;;;
TOG2;42 concentration;E;lnu;17;15;2;S1;41;32;;l;ch;n;cr4;u;;;;;;;
TOG2;42 concentration;E;lnu;15;9;2;XY3;19;32 + laterite;ln;ln;cr6;u;;;;;;;;;
TOG2;42 concentration;E;lnu;18;10;2;XY3;12;32 + laterite;;ln;cr4;u;;;;;;;;;
TOG2;42 concentration;E;lnu;18;11;2;XY3;14;32;;ln;;;;;;;;;;;
TOG2;42 concentration;E;lnu;17;6;2;XY3;22;32;ln;ln;vpr;u;;;;;;;;;
TOG2;42 concentration;E;l;11;;1;S1;22;32;l;l;;;;;;;;;;;
